iteration,train_loss,val_loss,timestamp,lr,mfu
0,10.974174,10.976262,1770361306.7038703,3e-07,-1.0
10,10.447906,10.461568,1770361348.3088584,3.3e-06,0.0369
20,9.983307,9.999562,1770361385.7641826,6.3e-06,0.0369
30,9.658092,9.569676,1770361423.222034,9.3e-06,0.0369
40,9.603282,9.318662,1770361460.6529715,1.229e-05,0.0369
50,9.39261,9.878941,1770361498.0819452,1.529e-05,0.0369
60,9.194924,9.339522,1770361535.5139306,1.829e-05,0.0368
70,9.231127,8.965528,1770361573.0124063,2.129e-05,0.0369
80,8.841171,9.021385,1770361610.4974587,2.429e-05,0.0368
90,8.581499,8.483489,1770361647.930321,2.729e-05,0.0368
100,8.458453,8.573749,1770361685.3617637,3.028e-05,0.0368
110,8.304608,8.068942,1770361722.8016696,3.328e-05,0.0368
120,7.879745,7.901031,1770361760.2598486,3.628e-05,0.0368
130,8.126504,7.865808,1770361797.7196095,3.928e-05,0.0368
140,7.76348,7.503151,1770361835.1366515,4.228e-05,0.0368
150,7.510376,7.26251,1770361872.577769,4.528e-05,0.0368
160,7.041307,7.994975,1770361910.0792637,4.828e-05,0.0368
170,7.310308,7.144198,1770361947.5263512,5.127e-05,0.0368
180,7.07246,6.885864,1770361984.9520166,5.427e-05,0.0368
190,7.890422,6.902849,1770362022.400183,5.727e-05,0.0368
200,6.501181,6.817386,1770362059.8197465,6.027e-05,0.0368
210,7.006003,6.768415,1770362097.2587717,6.327e-05,0.0368
220,6.682207,7.295759,1770362134.6757448,6.627e-05,0.0368
230,6.655884,6.893461,1770362172.123179,6.927e-05,0.0368
240,6.734799,7.152367,1770362209.547556,7.226e-05,0.0368
250,6.771044,6.755744,1770362246.989038,7.526e-05,0.0368
260,6.640918,6.322725,1770362284.4073198,7.826e-05,0.0368
270,6.677818,6.288881,1770362321.8512914,8.126e-05,0.0368
280,6.623077,6.541664,1770362359.2668035,8.426e-05,0.0368
290,6.61928,6.734358,1770362396.713998,8.726e-05,0.0368
300,6.367119,6.375149,1770362434.135811,9.025e-05,0.0368
310,6.217823,6.485863,1770362471.582897,9.325e-05,0.0368
320,6.387095,6.559447,1770362509.004318,9.625e-05,0.0368
330,6.194506,6.290593,1770362546.4500246,9.925e-05,0.0368
340,6.507418,6.089209,1770362583.8720748,0.00010225,0.0368
350,6.303557,6.607525,1770362621.3185828,0.00010525,0.0368
360,6.307647,5.901781,1770362658.7528088,0.00010825,0.0368
370,6.06588,6.651747,1770362696.2007122,0.00011124,0.0368
380,5.965704,6.019129,1770362733.6268718,0.00011424,0.0368
390,6.616496,6.21476,1770362771.0583074,0.00011724,0.0368
400,6.133419,6.424085,1770362808.4865117,0.00012024,0.0368
410,6.338902,5.894543,1770362845.9280157,0.00012324,0.0368
420,6.18585,5.8543,1770362883.3507793,0.00012624,0.0368
430,6.32409,5.912282,1770362920.761192,0.00012924,0.0368
440,6.092263,6.445306,1770362958.177276,0.00013223,0.0368
450,6.262028,5.853178,1770362995.6189976,0.00013523,0.0368
460,6.085851,6.235652,1770363033.0375168,0.00013823,0.0368
470,5.964943,5.841321,1770363070.4674246,0.00014123,0.0368
480,6.146797,5.788914,1770363107.8863835,0.00014423,0.0368
490,6.015106,6.348427,1770363145.3306415,0.00014723,0.0368
500,5.921906,5.930778,1770363195.7465186,0.00015022,0.0368
510,5.986176,6.068773,1770363241.7245157,0.00015322,0.034
520,5.970063,5.863619,1770363279.143258,0.00015622,0.0342
530,5.870736,6.035812,1770363316.5859516,0.00015922,0.0345
540,6.069816,5.522607,1770363354.0079944,0.00016222,0.0347
550,6.004665,5.747775,1770363391.4377513,0.00016522,0.0349
560,5.863397,5.927612,1770363428.8602011,0.00016822,0.0351
570,6.018631,6.193957,1770363466.2949677,0.00017121,0.0353
580,5.672508,5.627845,1770363503.729808,0.00017421,0.0354
590,5.684999,5.698267,1770363541.155305,0.00017721,0.0356
600,6.028256,5.774174,1770363578.5409095,0.00018021,0.0357
610,5.930354,5.728595,1770363615.930949,0.00018321,0.0358
620,6.084722,5.822632,1770363653.3491397,0.00018621,0.0359
630,5.591013,5.738473,1770363690.7774158,0.00018921,0.036
640,5.852064,5.842905,1770363728.1757016,0.0001922,0.0361
650,5.436524,5.967803,1770363765.6199076,0.0001952,0.0362
660,5.803297,5.980885,1770363803.0302222,0.0001982,0.0362
670,5.888203,5.683804,1770363840.4659853,0.0002012,0.0363
680,5.799099,5.697886,1770363877.8885686,0.0002042,0.0363
690,5.649166,5.619314,1770363915.3022623,0.0002072,0.0364
700,5.877499,5.791429,1770363952.7228916,0.00021019,0.0364
710,5.674822,6.148095,1770363990.1557603,0.00021319,0.0365
720,5.935368,5.522499,1770364027.5757053,0.00021619,0.0365
730,5.31926,5.581754,1770364065.002169,0.00021919,0.0365
740,5.500811,5.916697,1770364102.4580622,0.00022219,0.0366
750,5.734214,5.634087,1770364139.8850913,0.00022519,0.0366
760,5.664124,5.456041,1770364177.3128452,0.00022819,0.0366
770,5.658342,5.325882,1770364214.7527122,0.00023118,0.0366
780,5.450895,5.504591,1770364252.1757133,0.00023418,0.0366
790,5.573292,5.614101,1770364289.6208923,0.00023718,0.0366
800,5.526361,5.645529,1770364327.0440564,0.00024018,0.0367
810,5.713689,5.667381,1770364364.4996498,0.00024318,0.0367
820,5.541717,5.768514,1770364401.9270558,0.00024618,0.0367
830,5.282285,5.27124,1770364439.3710842,0.00024918,0.0367
840,5.640976,5.516287,1770364476.7992592,0.00025217,0.0367
850,5.650967,5.386255,1770364514.2413335,0.00025517,0.0367
860,5.419603,5.626786,1770364551.6429546,0.00025817,0.0367
870,5.764945,5.900539,1770364589.113775,0.00026117,0.0367
880,5.395855,5.682653,1770364626.5464594,0.00026417,0.0367
890,5.226554,5.210522,1770364663.9750216,0.00026717,0.0367
900,5.638953,5.759983,1770364701.3854167,0.00027016,0.0367
910,5.652143,5.575607,1770364738.816582,0.00027316,0.0367
920,5.600376,5.543078,1770364776.2050788,0.00027616,0.0367
930,5.499381,5.491728,1770364813.639098,0.00027916,0.0367
940,5.462464,5.667164,1770364851.0528948,0.00028216,0.0368
950,6.019653,5.384224,1770364888.4678698,0.00028516,0.0368
960,5.506384,5.358599,1770364925.8921735,0.00028816,0.0368
970,5.356008,5.497742,1770364963.334293,0.00029115,0.0368
980,5.414696,5.659644,1770365000.744907,0.00029415,0.0368
990,5.555807,6.013868,1770365038.1649046,0.00029715,0.0368
1000,5.529174,5.526108,1770365087.9485729,0.00030015,0.0368
1010,5.656823,5.456596,1770365133.320773,0.00030315,0.034
1020,5.331327,5.535713,1770365170.735437,0.00030615,0.0343
1030,5.21473,5.380138,1770365208.1698592,0.00030915,0.0345
1040,5.532503,5.555845,1770365245.580458,0.00031214,0.0347
1050,5.578896,5.631878,1770365283.0049171,0.00031514,0.0349
1060,5.529993,5.52859,1770365320.4223847,0.00031814,0.0351
1070,5.517208,5.191046,1770365357.859475,0.00032114,0.0353
1080,5.446848,5.443285,1770365395.2550724,0.00032414,0.0354
1090,5.458043,5.303403,1770365432.6971736,0.00032714,0.0356
1100,5.694342,5.789836,1770365470.1188643,0.00033013,0.0357
1110,5.447758,5.233652,1770365507.558301,0.00033313,0.0358
1120,5.488154,5.332075,1770365544.981532,0.00033613,0.0359
1130,5.384014,5.632414,1770365582.4245386,0.00033913,0.036
1140,5.564306,5.316195,1770365619.8639076,0.00034213,0.0361
1150,5.484142,5.413827,1770365657.2898269,0.00034513,0.0361
1160,5.558478,5.347797,1770365694.7106764,0.00034813,0.0362
1170,5.408964,5.122319,1770365732.1468277,0.00035112,0.0363
1180,5.696694,5.462414,1770365769.571158,0.00035412,0.0363
1190,5.568218,5.502784,1770365807.011645,0.00035712,0.0364
1200,5.724432,5.376023,1770365844.4436002,0.00036012,0.0364
1210,5.605258,5.435053,1770365881.8792045,0.00036312,0.0364
1220,5.459115,5.501591,1770365919.3089726,0.00036612,0.0365
1230,5.833918,5.268453,1770365956.751334,0.00036912,0.0365
1240,5.46545,5.623631,1770365994.1779828,0.00037211,0.0365
1250,5.460857,5.40126,1770366031.6182168,0.00037511,0.0366
1260,5.242558,5.355635,1770366069.012115,0.00037811,0.0366
1270,5.440914,5.485975,1770366106.4830482,0.00038111,0.0366
1280,5.174257,5.843348,1770366143.902371,0.00038411,0.0366
1290,5.619795,5.427038,1770366181.3804884,0.00038711,0.0366
1300,5.112799,5.146954,1770366218.798387,0.0003901,0.0367
1310,5.331904,5.268011,1770366256.245993,0.0003931,0.0367
1320,5.41099,5.2852,1770366293.670841,0.0003961,0.0367
1330,5.353408,5.328876,1770366331.1092663,0.0003991,0.0367
1340,5.258502,5.651943,1770366368.534224,0.0004021,0.0367
1350,5.409486,5.585414,1770366405.9701014,0.0004051,0.0367
1360,5.735348,5.613226,1770366443.395532,0.0004081,0.0367
1370,5.504119,5.198947,1770366480.8423193,0.00041109,0.0367
1380,5.343909,5.519209,1770366518.267489,0.00041409,0.0367
1390,5.23997,5.110132,1770366555.7020867,0.00041709,0.0367
1400,5.486784,5.246404,1770366593.120618,0.00042009,0.0367
1410,5.473267,5.511742,1770366630.5635436,0.00042309,0.0367
1420,5.298058,5.356585,1770366667.9738972,0.00042609,0.0367
1430,5.269089,5.383347,1770366705.4284506,0.00042909,0.0367
1440,5.210757,4.965355,1770366742.855297,0.00043208,0.0367
1450,5.23657,5.618774,1770366780.3467405,0.00043508,0.0367
1460,5.191793,5.349739,1770366818.013648,0.00043808,0.0367
1470,5.431625,5.213663,1770366855.4552724,0.00044108,0.0367
1480,5.343718,5.228207,1770366892.8720627,0.00044408,0.0367
1490,5.274359,5.387026,1770366930.3206482,0.00044708,0.0368
1500,5.365795,5.394201,1770366980.369246,0.00045007,0.0368
1510,5.196494,5.172014,1770367026.2000833,0.00045307,0.0339
1520,5.412065,5.506138,1770367063.616573,0.00045607,0.0342
1530,5.40255,5.22148,1770367101.055073,0.00045907,0.0345
1540,5.621555,5.390794,1770367138.4751282,0.00046207,0.0347
1550,5.317549,5.272027,1770367175.9204166,0.00046507,0.0349
1560,5.635561,5.067929,1770367213.3403606,0.00046807,0.0351
1570,5.548506,5.374987,1770367250.787926,0.00047106,0.0353
1580,5.119483,6.16464,1770367288.1957736,0.00047406,0.0354
1590,5.398234,5.352758,1770367325.6259902,0.00047706,0.0356
1600,5.345839,5.617636,1770367363.0396297,0.00048006,0.0357
1610,5.263904,5.574925,1770367400.4722078,0.00048306,0.0358
1620,5.229293,5.295771,1770367437.8839357,0.00048606,0.0359
1630,5.690028,5.039139,1770367475.3265142,0.00048906,0.036
1640,5.263968,5.738447,1770367512.744173,0.00049205,0.0361
1650,5.368803,5.419171,1770367550.170927,0.00049505,0.0361
1660,5.425625,5.165284,1770367587.5927494,0.00049805,0.0362
1670,5.450768,5.092367,1770367625.0247812,0.00050105,0.0363
1680,5.249237,5.204503,1770367662.4364629,0.00050405,0.0363
1690,5.803984,5.185114,1770367699.8826993,0.00050705,0.0364
1700,5.112622,5.101807,1770367737.2915869,0.00051004,0.0364
1710,5.237804,5.061439,1770367774.7461388,0.00051304,0.0364
1720,5.212874,4.927384,1770367812.1624508,0.00051604,0.0365
1730,5.210966,5.631588,1770367849.5982082,0.00051904,0.0365
1740,5.210961,5.346675,1770367887.0223866,0.00052204,0.0365
1750,5.429935,5.533205,1770367924.463885,0.00052504,0.0366
1760,5.14193,5.51141,1770367961.8774712,0.00052804,0.0366
1770,5.321742,5.367123,1770367999.3126998,0.00053103,0.0366
1780,5.31801,5.447702,1770368036.7181077,0.00053403,0.0366
1790,5.354754,5.345415,1770368074.1465406,0.00053703,0.0367
1800,5.458722,5.211125,1770368111.5715327,0.00054003,0.0367
1810,4.83675,5.290595,1770368149.0072258,0.00054303,0.0367
1820,5.606287,5.30373,1770368186.4208913,0.00054603,0.0367
1830,5.248437,5.416053,1770368223.8609543,0.00054903,0.0367
1840,5.214409,5.064336,1770368261.2699687,0.00055202,0.0367
1850,4.950995,5.264223,1770368298.704355,0.00055502,0.0367
1860,5.039155,5.285504,1770368336.114864,0.00055802,0.0367
1870,5.453326,5.43566,1770368373.552189,0.00056102,0.0367
1880,5.527715,5.469819,1770368410.9618518,0.00056402,0.0367
1890,5.188112,5.741321,1770368448.395327,0.00056702,0.0368
1900,5.370656,5.352996,1770368485.813651,0.00057001,0.0368
1910,5.430626,5.231562,1770368523.2390423,0.00057301,0.0368
1920,5.597735,5.10841,1770368560.6790507,0.00057601,0.0368
1930,5.308155,5.129952,1770368598.118795,0.00057901,0.0368
1940,5.238627,5.905643,1770368635.55134,0.00058201,0.0368
1950,5.194466,5.290653,1770368672.9731967,0.00058501,0.0368
1960,5.315809,4.961666,1770368710.3946414,0.00058801,0.0368
1970,5.099739,5.515686,1770368747.827938,0.000591,0.0368
1980,5.41949,5.273847,1770368785.2370915,0.000594,0.0368
1990,5.603381,5.058215,1770368822.67845,0.000597,0.0368
2000,5.307237,5.321532,1770368872.9368465,0.0006,0.0368
2010,5.477297,5.252639,1770368918.083192,0.0006,0.034
2020,5.141732,5.596207,1770368955.5054598,0.0006,0.0343
2030,5.246134,5.651728,1770368992.9359844,0.0006,0.0345
2040,5.097046,5.030849,1770369030.3500834,0.00059999,0.0347
2050,5.619261,5.49275,1770369067.782725,0.00059999,0.0349
2060,5.536593,5.151583,1770369105.2145422,0.00059998,0.0351
2070,5.550326,5.610097,1770369142.6532154,0.00059998,0.0353
2080,5.490209,5.014676,1770369180.0512233,0.00059997,0.0354
2090,5.087662,5.726197,1770369217.4774344,0.00059996,0.0356
2100,5.505308,5.327352,1770369254.8830268,0.00059996,0.0357
2110,5.221691,5.426346,1770369292.3098364,0.00059995,0.0358
2120,5.04723,5.278391,1770369329.723142,0.00059994,0.0359
2130,5.671611,5.146968,1770369367.149122,0.00059992,0.036
2140,5.303676,5.314568,1770369404.5833714,0.00059991,0.036
2150,5.509683,5.296481,1770369442.0335944,0.0005999,0.0361
2160,5.404737,5.091883,1770369479.469881,0.00059989,0.0362
2170,5.720239,5.013587,1770369516.921486,0.00059987,0.0362
2180,5.242249,5.517401,1770369554.3538227,0.00059986,0.0363
2190,5.148298,5.258736,1770369591.779523,0.00059984,0.0363
2200,5.517754,5.183393,1770369629.2136362,0.00059982,0.0364
2210,5.209334,5.222336,1770369666.6427138,0.0005998,0.0364
2220,5.30313,5.199922,1770369704.0295696,0.00059978,0.0364
2230,5.287791,5.072663,1770369741.483945,0.00059976,0.0365
2240,5.022478,5.171042,1770369778.9045038,0.00059974,0.0365
2250,5.37956,5.214891,1770369816.3318725,0.00059972,0.0365
2260,5.426672,5.127718,1770369853.750461,0.0005997,0.0366
2270,5.309901,5.492653,1770369891.186892,0.00059968,0.0366
2280,4.878917,5.406511,1770369928.6136255,0.00059965,0.0366
2290,5.294244,4.971612,1770369966.0634294,0.00059963,0.0366
2300,5.495824,5.314478,1770370003.4964063,0.0005996,0.0366
2310,5.217221,5.169989,1770370040.9554174,0.00059957,0.0366
2320,5.610272,5.036661,1770370078.394302,0.00059954,0.0367
2330,5.246012,5.4124,1770370115.829326,0.00059951,0.0367
2340,5.404775,5.209046,1770370153.2413075,0.00059949,0.0367
2350,5.075154,5.638486,1770370190.6784017,0.00059945,0.0367
2360,5.125155,5.199724,1770370228.099755,0.00059942,0.0367
2370,5.684828,5.081069,1770370265.5333588,0.00059939,0.0367
2380,4.91875,5.451432,1770370302.95088,0.00059936,0.0367
2390,5.281903,4.925225,1770370340.3969526,0.00059932,0.0367
2400,5.234541,5.122869,1770370377.8245854,0.00059929,0.0367
2410,5.40161,5.15148,1770370415.2680526,0.00059925,0.0367
2420,5.293226,5.268454,1770370452.6954496,0.00059921,0.0367
2430,5.29327,5.318127,1770370490.1252017,0.00059918,0.0367
2440,5.336134,5.183111,1770370527.5470583,0.00059914,0.0367
2450,5.654106,5.359439,1770370565.0004516,0.0005991,0.0368
2460,5.535647,5.467927,1770370602.4257524,0.00059906,0.0368
2470,5.334194,4.974102,1770370639.8592038,0.00059902,0.0368
2480,5.186715,5.415512,1770370677.2919946,0.00059897,0.0368
2490,4.920253,5.273023,1770370714.725535,0.00059893,0.0368
2500,5.265357,5.277475,1770370764.9909568,0.00059889,0.0368
2510,5.353308,5.345232,1770370810.8652563,0.00059884,0.034
2520,5.515499,5.02012,1770370848.288981,0.0005988,0.0342
2530,5.038143,5.199377,1770370885.7290602,0.00059875,0.0345
2540,5.06042,5.373819,1770370923.1547055,0.0005987,0.0347
2550,4.794671,4.983862,1770370960.587524,0.00059865,0.0349
2560,5.206525,4.948235,1770370998.0104496,0.0005986,0.0351
2570,5.29007,5.187516,1770371035.4347165,0.00059855,0.0353
2580,5.032099,5.19842,1770371072.8629086,0.0005985,0.0354
2590,5.138692,5.410948,1770371110.2925384,0.00059845,0.0356
2600,5.063161,5.670747,1770371147.7176175,0.0005984,0.0357
2610,5.285608,5.087653,1770371185.1651,0.00059834,0.0358
2620,5.11586,5.421173,1770371222.5889888,0.00059829,0.0359
2630,5.111281,5.268595,1770371260.0408566,0.00059823,0.036
2640,5.360782,5.080957,1770371297.4487777,0.00059818,0.0361
2650,5.27788,5.446389,1770371334.9178343,0.00059812,0.0361
2660,5.446722,5.517866,1770371372.334715,0.00059806,0.0362
2670,5.071899,4.985701,1770371409.781608,0.000598,0.0363
2680,5.466032,5.071167,1770371447.204264,0.00059794,0.0363
2690,5.169431,5.655504,1770371484.64676,0.00059788,0.0364
2700,5.305527,5.254094,1770371522.0577407,0.00059782,0.0364
2710,5.374105,4.992973,1770371559.5335116,0.00059776,0.0364
2720,5.628575,5.252917,1770371596.9590137,0.00059769,0.0365
2730,5.361075,5.371267,1770371634.3930433,0.00059763,0.0365
2740,5.494013,5.353198,1770371671.8069785,0.00059756,0.0365
2750,5.305569,5.449221,1770371709.2296865,0.0005975,0.0366
2760,5.265586,5.347247,1770371746.6436963,0.00059743,0.0366
2770,5.388377,5.146539,1770371784.079934,0.00059736,0.0366
2780,5.167366,5.466076,1770371821.5092876,0.00059729,0.0366
2790,4.820169,5.059453,1770371858.9497075,0.00059722,0.0366
2800,5.201218,4.911301,1770371896.3709452,0.00059715,0.0367
2810,5.112813,5.525215,1770371933.8145828,0.00059708,0.0367
2820,5.135718,4.850205,1770371971.2427108,0.00059701,0.0367
2830,5.048133,5.120864,1770372017.7881014,0.00059694,0.0341
2840,5.035639,5.265067,1770372058.8444514,0.00059686,0.0344
2850,5.265431,5.401721,1770372096.3055503,0.00059679,0.0346
2860,5.016544,4.770356,1770372133.7555368,0.00059671,0.0348
2870,5.077641,5.297553,1770372171.216775,0.00059663,0.035
2880,5.459662,5.199005,1770372208.6566448,0.00059656,0.0352
2890,5.239643,5.183711,1770372246.1135583,0.00059648,0.0353
2900,4.956997,5.459616,1770372283.5467184,0.0005964,0.0355
2910,4.961303,5.495251,1770372320.9986656,0.00059632,0.0356
2920,5.529386,5.576008,1770372358.4425845,0.00059624,0.0357
2930,5.164202,5.21507,1770372395.8921466,0.00059616,0.0358
2940,5.26495,5.377939,1770372433.337674,0.00059607,0.0359
2950,5.366959,5.490086,1770372470.7973883,0.00059599,0.036
2960,4.743128,5.074443,1770372508.2413614,0.0005959,0.0361
2970,5.005544,5.303526,1770372545.706384,0.00059582,0.0362
2980,5.167128,5.24144,1770372583.187744,0.00059573,0.0362
2990,5.009235,5.411598,1770372620.6456485,0.00059564,0.0363
3000,5.235016,5.186999,1770372670.9576535,0.00059556,0.0363
3010,5.153285,4.891959,1770372716.526853,0.00059547,0.0336
3020,5.028202,5.015044,1770372754.0442543,0.00059538,0.0339
3030,5.371678,5.183773,1770372791.5898368,0.00059529,0.0342
3040,4.911768,4.941582,1770372829.1155033,0.00059519,0.0344
3050,5.48622,5.068778,1770372866.661885,0.0005951,0.0346
3060,5.288689,5.519793,1770372904.1931758,0.00059501,0.0348
3070,4.974857,5.07989,1770372941.7379856,0.00059491,0.035
3080,5.469004,5.268872,1770372979.2989132,0.00059482,0.0352
3090,4.811887,5.672187,1770373016.8266804,0.00059472,0.0353
3100,5.362254,5.13977,1770373054.3520255,0.00059463,0.0355
3110,5.038339,5.289014,1770373091.8992348,0.00059453,0.0356
3120,5.3878,5.256341,1770373129.4221458,0.00059443,0.0357
3130,4.93196,5.219463,1770373166.9720228,0.00059433,0.0358
3140,5.311869,5.289392,1770373204.4946375,0.00059423,0.0359
3150,5.103049,5.231102,1770373242.0480096,0.00059413,0.036
3160,5.087082,5.214937,1770373279.547199,0.00059403,0.036
3170,5.066798,5.020344,1770373317.0091488,0.00059392,0.0361
3180,5.22615,5.087986,1770373354.4982228,0.00059382,0.0362
3190,5.261423,5.271484,1770373392.0478034,0.00059371,0.0362
3200,5.265405,5.459441,1770373429.5748663,0.00059361,0.0363
3210,5.360665,5.156408,1770373467.1228876,0.0005935,0.0363
3220,5.379466,5.066879,1770373504.6532795,0.00059339,0.0363
3230,5.198256,5.091249,1770373542.198303,0.00059329,0.0364
3240,5.112332,5.279845,1770373579.721891,0.00059318,0.0364
3250,5.338981,5.219818,1770373617.261895,0.00059307,0.0364
3260,5.113719,5.274142,1770373654.788107,0.00059296,0.0365
3270,5.38367,5.286264,1770373692.3309171,0.00059284,0.0365
3280,5.393858,4.852041,1770373729.8578346,0.00059273,0.0365
3290,5.233662,5.502472,1770373767.39809,0.00059262,0.0365
3300,5.458021,5.810312,1770373804.9208188,0.0005925,0.0365
3310,5.275263,5.937982,1770373842.4696474,0.00059239,0.0365
3320,5.301158,5.161499,1770373880.0014577,0.00059227,0.0365
3330,5.173383,5.114386,1770373917.540682,0.00059215,0.0366
3340,5.007539,5.360481,1770373955.0652122,0.00059204,0.0366
3350,4.804518,5.56424,1770373992.6148458,0.00059192,0.0366
3360,5.146357,4.988291,1770374030.1401916,0.0005918,0.0366
3370,5.242518,5.533037,1770374067.7694316,0.00059168,0.0366
3380,5.4885,5.32117,1770374105.21498,0.00059156,0.0366
3390,5.229972,5.071319,1770374142.7001662,0.00059143,0.0366
3400,5.204858,5.131721,1770374180.1385715,0.00059131,0.0366
3410,4.97263,5.290579,1770374217.6012511,0.00059119,0.0367
3420,4.943248,4.979963,1770374255.0530634,0.00059106,0.0367
3430,5.038801,5.207066,1770374292.509864,0.00059094,0.0367
3440,5.207883,5.086276,1770374329.9489434,0.00059081,0.0367
3450,4.63637,5.422707,1770374367.406629,0.00059068,0.0367
3460,5.231973,4.798438,1770374404.8459537,0.00059055,0.0367
3470,5.576007,5.236902,1770374442.305203,0.00059043,0.0367
3480,5.240809,5.265602,1770374479.7520938,0.0005903,0.0367
3490,5.302226,5.134759,1770374517.2133212,0.00059017,0.0367
3500,5.188152,5.210355,1770374567.4434233,0.00059003,0.0367
3510,4.976912,5.16773,1770374613.235373,0.0005899,0.0339
3520,4.897153,5.546797,1770374650.6770098,0.00058977,0.0342
3530,5.243765,4.930407,1770374688.126909,0.00058963,0.0345
3540,5.32068,5.148397,1770374725.545793,0.0005895,0.0347
3550,5.322711,5.241788,1770374763.0045822,0.00058936,0.0349
3560,4.906741,5.154461,1770374800.4427412,0.00058923,0.0351
3570,5.449663,4.97327,1770374837.9095912,0.00058909,0.0353
3580,5.421845,5.307166,1770374875.3537867,0.00058895,0.0354
3590,5.581667,5.016878,1770374912.8135743,0.00058881,0.0355
3600,4.903966,5.240261,1770374950.2573757,0.00058867,0.0357
3610,5.028002,4.894899,1770374987.7256904,0.00058853,0.0358
3620,5.461497,5.380129,1770375025.1598191,0.00058839,0.0359
3630,5.109619,5.143817,1770375062.619485,0.00058824,0.036
3640,4.958629,5.140593,1770375100.0668716,0.0005881,0.036
3650,5.177425,5.084947,1770375137.5249064,0.00058795,0.0361
3660,5.662175,5.196097,1770375174.9737902,0.00058781,0.0362
3670,5.143766,5.238467,1770375212.4292147,0.00058766,0.0362
3680,5.167117,5.260576,1770375249.8536668,0.00058752,0.0363
3690,5.288472,5.011852,1770375287.2971072,0.00058737,0.0364
3700,5.284833,5.587679,1770375324.7230692,0.00058722,0.0364
3710,5.270515,5.110383,1770375362.1719446,0.00058707,0.0364
3720,5.210736,5.050579,1770375399.6075523,0.00058692,0.0365
3730,5.319081,5.444339,1770375437.0682297,0.00058677,0.0365
3740,5.30782,5.340908,1770375474.4930792,0.00058662,0.0365
3750,5.166441,5.485898,1770375511.9277568,0.00058646,0.0366
3760,5.350193,5.142113,1770375549.3321545,0.00058631,0.0366
3770,5.555307,4.956557,1770375586.801273,0.00058615,0.0366
3780,5.13944,5.027937,1770375624.2424862,0.000586,0.0366
3790,5.19689,5.136744,1770375661.6968317,0.00058584,0.0366
3800,5.248867,5.115569,1770375699.117422,0.00058568,0.0366
3810,5.096757,5.238172,1770375736.5522404,0.00058553,0.0366
3820,5.322486,5.597554,1770375773.956079,0.00058537,0.0367
3830,5.006759,5.42688,1770375811.4316924,0.00058521,0.0367
3840,5.466191,5.449762,1770375848.8562512,0.00058505,0.0367
3850,5.418704,5.382558,1770375886.3123236,0.00058488,0.0367
3860,5.429089,4.87779,1770375923.7436042,0.00058472,0.0367
3870,5.220999,5.048655,1770375961.195703,0.00058456,0.0367
3880,5.083007,5.028675,1770375998.6153648,0.00058439,0.0367
3890,5.217407,5.307151,1770376036.055456,0.00058423,0.0367
3900,5.480879,5.195797,1770376073.4899347,0.00058406,0.0367
3910,5.342826,5.217868,1770376110.9473424,0.0005839,0.0367
3920,5.240359,5.448287,1770376148.383462,0.00058373,0.0367
3930,5.045074,5.306437,1770376185.825868,0.00058356,0.0367
3940,4.962552,5.128009,1770376223.245686,0.00058339,0.0367
3950,5.318266,5.356119,1770376260.6829302,0.00058322,0.0367
3960,5.341179,5.181865,1770376298.111355,0.00058305,0.0367
3970,5.275996,4.85544,1770376335.5709822,0.00058288,0.0367
3980,5.067122,5.005779,1770376373.007901,0.00058271,0.0367
3990,5.225834,4.971471,1770376410.454426,0.00058253,0.0367
4000,5.190735,5.172587,1770376460.5473387,0.00058236,0.0367
4010,5.314764,4.853201,1770376505.8204114,0.00058219,0.034
4020,5.499631,4.971475,1770376543.258267,0.00058201,0.0342
4030,5.002744,5.144627,1770376580.7202652,0.00058183,0.0345
4040,5.174808,5.414169,1770376618.151861,0.00058165,0.0347
4050,4.883458,5.23708,1770376655.5623434,0.00058148,0.0349
4060,5.043706,5.202553,1770376692.9538436,0.0005813,0.0351
4070,5.206972,5.221258,1770376730.3813632,0.00058112,0.0353
4080,5.189856,5.25164,1770376767.8264503,0.00058094,0.0354
4090,5.294081,5.124377,1770376805.274244,0.00058075,0.0356
4100,5.531134,4.995949,1770376842.711521,0.00058057,0.0357
4110,5.544859,5.219528,1770376880.165491,0.00058039,0.0358
4120,5.401626,4.961546,1770376917.5884607,0.0005802,0.0359
4130,4.913203,5.337814,1770376955.0200627,0.00058002,0.036
4140,4.665307,5.142555,1770376992.4930763,0.00057983,0.036
4150,5.195431,5.385941,1770377029.924122,0.00057965,0.0361
4160,5.092764,5.222284,1770377067.323594,0.00057946,0.0362
4170,5.233082,4.89725,1770377104.7900777,0.00057927,0.0362
4180,4.777704,5.143733,1770377142.1982243,0.00057908,0.0363
4190,4.767031,5.723111,1770377179.6916246,0.00057889,0.0364
4200,5.496862,5.707594,1770377217.1107442,0.0005787,0.0364
4210,5.067369,5.191985,1770377254.561276,0.00057851,0.0364
4220,5.422404,5.211765,1770377291.9871197,0.00057832,0.0365
4230,5.17309,5.353249,1770377329.4387832,0.00057812,0.0365
4240,4.55285,4.874893,1770377366.8680248,0.00057793,0.0365
4250,5.225678,5.275214,1770377404.3135495,0.00057773,0.0366
4260,5.109189,5.237732,1770377441.7322807,0.00057754,0.0366
4270,5.008223,5.187291,1770377479.1875615,0.00057734,0.0366
4280,5.02165,5.094776,1770377516.618993,0.00057714,0.0366
4290,5.336645,4.968691,1770377554.0728946,0.00057695,0.0366
4300,5.212755,5.048488,1770377591.4956365,0.00057675,0.0366
4310,5.133168,5.081045,1770377628.9420726,0.00057655,0.0367
4320,5.617912,5.076165,1770377666.3755636,0.00057635,0.0367
4330,5.142853,5.021579,1770377703.7997968,0.00057615,0.0367
4340,5.211422,5.475559,1770377741.2481086,0.00057594,0.0367
4350,5.163135,5.121627,1770377778.7000556,0.00057574,0.0367
4360,5.124168,5.271762,1770377816.131313,0.00057554,0.0367
4370,5.16326,5.132354,1770377853.5815015,0.00057533,0.0367
4380,5.084985,5.166806,1770377891.0086584,0.00057513,0.0367
4390,5.214707,4.795582,1770377928.454183,0.00057492,0.0367
4400,5.18243,4.992114,1770377965.8884766,0.00057471,0.0367
4410,5.277039,5.116152,1770378003.345422,0.0005745,0.0367
4420,5.377864,5.261332,1770378040.772085,0.0005743,0.0367
4430,5.07183,5.466457,1770378078.2141266,0.00057409,0.0367
4440,5.019629,5.174644,1770378115.6352024,0.00057387,0.0367
4450,5.252784,4.902028,1770378153.0806327,0.00057366,0.0367
4460,5.218145,5.287091,1770378190.50398,0.00057345,0.0368
4470,5.183272,4.932586,1770378227.9508605,0.00057324,0.0368
4480,5.254649,5.278279,1770378265.4297414,0.00057302,0.0368
4490,5.210958,5.461426,1770378302.8744116,0.00057281,0.0368
4500,5.184003,5.188509,1770378370.270778,0.0005726,0.0368
4510,5.208809,5.172308,1770378415.793481,0.00057238,0.034
4520,5.473563,5.130598,1770378453.239253,0.00057216,0.0342
4530,5.107656,5.043026,1770378490.693776,0.00057194,0.0345
4540,5.224332,5.2095,1770378528.1395085,0.00057173,0.0347
4550,5.271454,5.077326,1770378565.5893264,0.00057151,0.0349
4560,5.420306,5.102765,1770378603.0081353,0.00057129,0.0351
4570,5.448989,5.55698,1770378640.451635,0.00057107,0.0353
4580,5.361368,4.977862,1770378677.8700924,0.00057084,0.0354
4590,5.1129,4.979495,1770378715.3240886,0.00057062,0.0356
4600,5.124509,5.841209,1770378752.761107,0.0005704,0.0357
4610,5.171326,5.20334,1770378790.2142065,0.00057017,0.0358
4620,5.137516,5.254997,1770378827.6561797,0.00056995,0.0359
4630,5.255449,5.118267,1770378865.084479,0.00056972,0.036
4640,5.342535,5.276208,1770378902.5122612,0.0005695,0.036
4650,5.14208,4.9647,1770378939.964579,0.00056927,0.0361
4660,5.297137,5.208889,1770378977.4002802,0.00056904,0.0362
4670,5.091321,5.088809,1770379014.8561163,0.00056881,0.0363
4680,5.104856,5.053914,1770379052.2857804,0.00056858,0.0363
4690,5.338812,5.229755,1770379089.734189,0.00056835,0.0363
4700,5.119131,5.258543,1770379127.1555443,0.00056812,0.0364
4710,5.287163,5.129451,1770379164.6064758,0.00056789,0.0364
4720,5.197629,5.046556,1770379202.0361695,0.00056765,0.0365
4730,5.12891,5.443633,1770379239.4916077,0.00056742,0.0365
4740,5.266766,5.11931,1770379276.911548,0.00056719,0.0365
4750,5.435119,5.076973,1770379314.356198,0.00056695,0.0365
4760,5.296906,4.838228,1770379351.773258,0.00056671,0.0366
4770,5.050142,5.376289,1770379389.216622,0.00056648,0.0366
4780,5.198388,5.269533,1770379426.655952,0.00056624,0.0366
4790,5.243843,5.027336,1770379464.108634,0.000566,0.0366
4800,5.311641,5.257704,1770379501.549102,0.00056576,0.0366
4810,5.144095,5.024047,1770379538.9930103,0.00056552,0.0366
4820,4.757204,5.05118,1770379576.423977,0.00056528,0.0366
4830,5.383791,4.868434,1770379613.8657825,0.00056504,0.0367
4840,5.343134,5.401756,1770379651.289129,0.0005648,0.0367
4850,5.178754,5.060091,1770379688.7492063,0.00056455,0.0366
4860,5.000197,5.037134,1770379726.1946485,0.00056431,0.0367
4870,5.31262,5.373941,1770379763.642448,0.00056407,0.0367
4880,5.127932,5.578133,1770379801.0692253,0.00056382,0.0367
4890,5.394863,5.486928,1770379838.5046992,0.00056357,0.0367
4900,4.880232,5.552548,1770379875.9252918,0.00056333,0.0367
4910,4.978233,5.012529,1770379913.4040482,0.00056308,0.0367
4920,5.0395,5.301184,1770379950.843649,0.00056283,0.0367
4930,5.147048,5.134315,1770379988.3415463,0.00056258,0.0367
4940,5.255943,5.169755,1770380025.758341,0.00056233,0.0367
4950,5.521588,5.191579,1770380063.2090878,0.00056208,0.0367
4960,4.841344,5.01535,1770380100.636782,0.00056183,0.0367
4970,5.072163,5.451136,1770380138.085454,0.00056157,0.0367
4980,4.962063,5.136714,1770380175.567263,0.00056132,0.0367
4990,4.890164,5.027986,1770380213.0216515,0.00056107,0.0368
5000,5.15918,5.193129,1770380263.2058876,0.00056081,0.0368
5010,5.17179,5.746122,1770380308.4342864,0.00056056,0.034
5020,5.196438,5.32784,1770380345.8569846,0.0005603,0.0342
5030,5.410773,5.296061,1770380383.3135004,0.00056004,0.0345
5040,5.419854,5.632986,1770380420.7506003,0.00055979,0.0347
5050,4.954271,5.306758,1770380458.1970022,0.00055953,0.0349
5060,5.155179,5.222741,1770380495.6245935,0.00055927,0.0351
5070,4.950696,5.220069,1770380533.063381,0.00055901,0.0353
5080,5.364961,4.883054,1770380570.493653,0.00055875,0.0354
5090,5.126514,5.07737,1770380607.9413729,0.00055848,0.0356
5100,4.846512,5.160326,1770380645.3803022,0.00055822,0.0357
5110,5.356045,5.241859,1770380682.8348987,0.00055796,0.0358
5120,5.307426,5.35286,1770380720.2595284,0.00055769,0.0359
5130,5.466285,5.402324,1770380757.7008288,0.00055743,0.036
5140,5.246792,5.051262,1770380795.1284444,0.00055716,0.0361
5150,5.300025,5.070898,1770380832.5700378,0.0005569,0.0361
5160,5.249485,4.880552,1770380870.008036,0.00055663,0.0362
5170,4.962128,5.364017,1770380907.4598837,0.00055636,0.0363
5180,5.194975,5.089512,1770380944.8881316,0.00055609,0.0363
5190,5.389116,6.117014,1770380982.331092,0.00055582,0.0364
5200,4.964004,4.952419,1770381019.7534866,0.00055555,0.0364
5210,5.210586,5.113201,1770381057.2026205,0.00055528,0.0364
5220,5.112761,5.059307,1770381094.66011,0.00055501,0.0365
5230,5.30246,5.343204,1770381132.104132,0.00055474,0.0365
5240,5.37234,4.870699,1770381169.5364294,0.00055447,0.0365
5250,5.337908,5.26116,1770381206.984278,0.00055419,0.0365
5260,4.940906,4.987952,1770381244.4098766,0.00055392,0.0366
5270,4.982357,4.99753,1770381281.861955,0.00055364,0.0366
5280,5.131556,4.958063,1770381319.4858549,0.00055337,0.0366
5290,5.702479,5.369283,1770381356.9174397,0.00055309,0.0366
5300,5.140602,4.957952,1770381394.3685534,0.00055281,0.0366
5310,5.157586,5.374607,1770381431.820543,0.00055253,0.0366
5320,5.249808,4.862767,1770381469.244752,0.00055225,0.0367
5330,5.052018,5.309738,1770381506.6888025,0.00055197,0.0367
5340,5.184104,5.263269,1770381544.107496,0.00055169,0.0367
5350,5.652601,5.208255,1770381581.5610523,0.00055141,0.0367
5360,5.22461,5.245006,1770381618.9937754,0.00055113,0.0367
5370,5.394895,5.814316,1770381656.4408464,0.00055085,0.0367
5380,5.415702,5.318779,1770381693.866236,0.00055056,0.0367
5390,5.113717,5.185047,1770381731.316009,0.00055028,0.0367
5400,5.35227,5.242327,1770381768.7395113,0.00054999,0.0367
5410,5.355909,5.159613,1770381806.1876383,0.00054971,0.0367
5420,5.146073,5.196806,1770381843.6277075,0.00054942,0.0367
5430,5.151666,5.329771,1770381881.0773723,0.00054913,0.0367
5440,5.101413,5.427907,1770381918.5149405,0.00054885,0.0367
5450,5.234641,5.267055,1770381955.9640088,0.00054856,0.0367
5460,5.299875,5.264906,1770381993.3924298,0.00054827,0.0367
5470,5.410732,5.301816,1770382030.8382318,0.00054798,0.0367
5480,5.220386,4.841394,1770382068.274957,0.00054769,0.0367
5490,5.084167,5.19749,1770382105.7306604,0.00054739,0.0367
5500,5.207586,5.215564,1770382155.9618714,0.0005471,0.0367
5510,4.994814,5.000587,1770382201.5966375,0.00054681,0.0339
5520,5.21327,5.168512,1770382239.0188842,0.00054651,0.0342
5530,5.180914,5.093679,1770382276.465511,0.00054622,0.0345
5540,5.104768,5.06604,1770382313.938428,0.00054592,0.0347
5550,5.190337,5.301462,1770382351.3866525,0.00054563,0.0349
5560,4.926205,5.002325,1770382388.8248217,0.00054533,0.0351
5570,5.379522,5.293114,1770382426.2772362,0.00054503,0.0353
5580,5.285618,5.614988,1770382463.696648,0.00054474,0.0354
5590,5.135208,5.128332,1770382501.1419828,0.00054444,0.0355
5600,5.225219,4.976605,1770382538.5855708,0.00054414,0.0357
5610,5.246204,5.284267,1770382576.052035,0.00054384,0.0358
5620,5.252149,5.200927,1770382613.4809277,0.00054354,0.0359
5630,5.226153,5.055815,1770382650.9187298,0.00054323,0.036
5640,5.109971,5.081159,1770382688.3448136,0.00054293,0.0361
5650,5.151563,5.231556,1770382725.8060338,0.00054263,0.0361
5660,5.044994,5.615335,1770382763.2325196,0.00054232,0.0362
5670,4.811421,5.088753,1770382800.6914628,0.00054202,0.0362
5680,5.071477,5.0983,1770382838.1157851,0.00054171,0.0363
5690,5.177565,5.330651,1770382875.5686538,0.00054141,0.0364
5700,5.040319,5.404443,1770382912.9957893,0.0005411,0.0364
5710,5.129799,5.042468,1770382950.4433029,0.00054079,0.0364
5720,5.397295,4.923777,1770382987.8755057,0.00054049,0.0365
5730,5.377889,5.169214,1770383025.3314557,0.00054018,0.0365
5740,5.087921,5.191832,1770383062.749019,0.00053987,0.0365
5750,5.261413,5.562946,1770383100.1848078,0.00053956,0.0365
5760,5.69665,5.057809,1770383137.6041536,0.00053924,0.0366
5770,4.911538,5.210815,1770383175.0490663,0.00053893,0.0366
5780,5.380601,5.333276,1770383212.4634266,0.00053862,0.0366
5790,5.071516,5.347695,1770383249.909236,0.00053831,0.0366
5800,5.140715,5.570334,1770383287.342603,0.00053799,0.0366
5810,5.168595,5.214326,1770383324.7943797,0.00053768,0.0366
5820,4.936326,5.155323,1770383362.214699,0.00053736,0.0367
5830,4.925095,4.926259,1770383399.6556711,0.00053705,0.0367
5840,5.239305,4.967585,1770383437.0717018,0.00053673,0.0367
5850,5.204147,5.036178,1770383474.5194223,0.00053641,0.0367
5860,4.901693,5.194422,1770383511.9577267,0.00053609,0.0367
5870,5.232898,5.398563,1770383549.4060106,0.00053578,0.0367
5880,5.220188,5.414431,1770383586.8418684,0.00053546,0.0367
5890,5.069215,5.279746,1770383624.2806797,0.00053514,0.0367
5900,5.069056,5.235971,1770383661.7033305,0.00053482,0.0367
5910,5.111679,5.608889,1770383699.6223812,0.00053449,0.0367
5920,4.914983,5.15079,1770383737.0328715,0.00053417,0.0367
5930,5.192391,5.215052,1770383774.4829996,0.00053385,0.0367
5940,5.098261,5.289194,1770383811.9023075,0.00053352,0.0367
5950,5.041016,4.835928,1770383849.333259,0.0005332,0.0367
5960,5.087192,4.868967,1770383886.7493963,0.00053288,0.0367
5970,5.183313,5.051977,1770383924.1972983,0.00053255,0.0367
5980,5.158603,5.192928,1770383961.626037,0.00053222,0.0368
5990,5.179601,5.236767,1770383999.0667603,0.0005319,0.0368
6000,5.184716,5.222196,1770384049.203396,0.00053157,0.0368
6010,5.175737,5.090512,1770384094.5961938,0.00053124,0.034
6020,5.221792,5.412254,1770384132.005264,0.00053091,0.0342
6030,5.566357,5.153927,1770384169.4470005,0.00053058,0.0345
6040,5.191311,4.999885,1770384206.8665712,0.00053025,0.0347
6050,5.354814,5.292693,1770384244.323826,0.00052992,0.0349
6060,5.176639,4.899459,1770384281.7685435,0.00052959,0.0351
6070,5.186836,5.25113,1770384319.2382183,0.00052925,0.0353
6080,4.91454,5.506197,1770384356.6745093,0.00052892,0.0354
6090,5.15749,5.118721,1770384394.1260412,0.00052859,0.0355
6100,5.091692,5.292183,1770384431.5644114,0.00052825,0.0357
6110,4.885589,5.35218,1770384469.030399,0.00052792,0.0358
6120,5.15177,5.292263,1770384506.4641466,0.00052758,0.0359
6130,5.213315,5.16414,1770384543.931613,0.00052724,0.036
6140,5.167749,5.09399,1770384581.3651674,0.00052691,0.036
6150,5.212114,5.169585,1770384618.8352926,0.00052657,0.0361
6160,5.273319,5.45216,1770384656.2675834,0.00052623,0.0362
6170,5.005624,5.105725,1770384693.722973,0.00052589,0.0362
6180,5.31534,5.099304,1770384731.164694,0.00052555,0.0363
6190,5.021397,5.004797,1770384768.6364422,0.00052521,0.0363
6200,5.069102,4.991623,1770384806.0836377,0.00052487,0.0364
6210,5.47811,4.875951,1770384843.538692,0.00052453,0.0364
6220,5.089263,5.140521,1770384880.9838772,0.00052419,0.0365
6230,5.289873,5.381209,1770384918.4334366,0.00052384,0.0365
6240,5.29094,5.638168,1770384955.8876023,0.0005235,0.0365
6250,5.286499,5.132317,1770384993.3448925,0.00052315,0.0365
6260,5.043539,5.414167,1770385030.791211,0.00052281,0.0366
6270,5.312987,5.709647,1770385068.2469969,0.00052246,0.0366
6280,5.318034,5.006833,1770385105.6956923,0.00052212,0.0366
6290,5.00087,5.060427,1770385143.1545668,0.00052177,0.0366
6300,5.142178,5.594593,1770385180.586458,0.00052142,0.0366
6310,5.034208,4.917194,1770385218.0556247,0.00052107,0.0366
6320,5.151675,5.227761,1770385255.4989393,0.00052072,0.0366
6330,5.34496,5.169978,1770385292.9649332,0.00052037,0.0366
6340,5.228013,5.380492,1770385330.4070203,0.00052002,0.0367
6350,5.400905,5.658301,1770385367.8751786,0.00051967,0.0367
6360,4.811713,5.289268,1770385405.3134303,0.00051932,0.0367
6370,5.222656,5.583604,1770385442.7818332,0.00051897,0.0367
6380,5.43828,5.589176,1770385480.2182963,0.00051861,0.0367
6390,5.350253,5.236982,1770385517.6714375,0.00051826,0.0367
6400,5.233408,5.245277,1770385555.1230834,0.00051791,0.0367
6410,5.406073,5.196972,1770385592.5725806,0.00051755,0.0367
6420,5.092751,5.268044,1770385630.003638,0.0005172,0.0367
6430,4.907381,5.145288,1770385667.4735117,0.00051684,0.0367
6440,5.369071,5.184246,1770385704.9187317,0.00051648,0.0367
6450,5.271908,5.802658,1770385742.3829234,0.00051613,0.0367
6460,5.312431,5.144291,1770385779.8201804,0.00051577,0.0367
6470,5.558595,5.57246,1770385817.2852013,0.00051541,0.0367
6480,5.074861,5.412509,1770385854.7348254,0.00051505,0.0367
6490,5.159058,5.574854,1770385892.1924734,0.00051469,0.0367
6500,5.179858,5.204916,1770385942.4428031,0.00051433,0.0367
6510,5.28931,5.121557,1770385988.2570274,0.00051397,0.0339
6520,5.104846,5.192347,1770386025.7165148,0.00051361,0.0342
6530,5.245818,5.113575,1770386063.1643696,0.00051324,0.0345
6540,5.164615,5.209054,1770386100.5975082,0.00051288,0.0347
6550,4.744356,5.26477,1770386138.065304,0.00051252,0.0349
6560,5.107788,5.075715,1770386175.5092545,0.00051215,0.0351
6570,5.071229,5.329173,1770386212.9701612,0.00051179,0.0353
6580,6.053815,5.022647,1770386250.4132214,0.00051142,0.0354
6590,5.266818,5.51229,1770386287.8777027,0.00051105,0.0355
6600,5.068397,5.260338,1770386325.313376,0.00051069,0.0357
6610,5.542919,5.368639,1770386362.7757514,0.00051032,0.0358
6620,4.926661,5.393745,1770386400.2243657,0.00050995,0.0359
6630,5.050141,5.695609,1770386437.695839,0.00050958,0.036
6640,5.531159,5.652788,1770386475.1316254,0.00050921,0.036
6650,5.088835,4.994252,1770386512.5848875,0.00050884,0.0361
6660,5.237556,5.459937,1770386550.0251608,0.00050847,0.0362
6670,5.171574,5.353858,1770386587.4825654,0.0005081,0.0362
6680,5.17177,5.103265,1770386624.9282012,0.00050773,0.0363
6690,5.375927,5.155209,1770386662.398589,0.00050736,0.0363
6700,5.211394,5.231987,1770386699.8343377,0.00050698,0.0364
6710,5.119337,5.435925,1770386737.2972891,0.00050661,0.0364
6720,4.999733,5.252142,1770386774.7638032,0.00050624,0.0364
6730,5.096967,5.085335,1770386812.219942,0.00050586,0.0365
6740,5.229558,5.438812,1770386849.6676805,0.00050549,0.0365
6750,5.081562,5.323955,1770386887.1272404,0.00050511,0.0365
6760,5.371041,5.277843,1770386924.5717058,0.00050473,0.0365
6770,5.118522,5.233085,1770386962.0318065,0.00050436,0.0366
6780,5.187587,5.098931,1770386999.479844,0.00050398,0.0366
6790,4.99716,5.299053,1770387036.9309263,0.0005036,0.0366
6800,5.359825,4.937286,1770387074.378772,0.00050322,0.0366
6810,5.206587,5.53849,1770387111.8464928,0.00050284,0.0366
6820,5.139855,5.184685,1770387149.2916398,0.00050246,0.0366
6830,5.090986,5.16554,1770387186.7695005,0.00050208,0.0367
6840,5.030219,5.003412,1770387224.2168558,0.0005017,0.0367
6850,4.82712,5.394417,1770387261.6641924,0.00050132,0.0367
6860,4.886011,5.200408,1770387299.1015477,0.00050093,0.0367
6870,4.846191,5.512943,1770387336.56927,0.00050055,0.0367
6880,5.200791,5.229493,1770387374.008896,0.00050017,0.0367
6890,5.576249,5.200359,1770387411.4751167,0.00049978,0.0367
6900,5.186666,5.201586,1770387448.9157343,0.0004994,0.0367
6910,5.053985,5.365867,1770387486.375247,0.00049901,0.0367
6920,5.401446,5.492533,1770387523.8195174,0.00049863,0.0367
6930,5.448657,5.127971,1770387561.273268,0.00049824,0.0367
6940,5.038826,5.295557,1770387598.7285688,0.00049785,0.0367
6950,4.916906,5.136645,1770387636.187928,0.00049746,0.0367
6960,5.096378,5.155265,1770387673.6412632,0.00049708,0.0367
6970,5.440692,5.327009,1770387711.117532,0.00049669,0.0367
6980,5.489908,5.330832,1770387748.566918,0.0004963,0.0367
6990,5.135745,4.892846,1770387786.0229692,0.00049591,0.0367
7000,5.236426,5.235682,1770387836.1934557,0.00049552,0.0367
7010,5.146384,5.387746,1770387881.9325328,0.00049512,0.0339
7020,5.061505,5.14921,1770387919.366866,0.00049473,0.0342
7030,5.268623,6.189836,1770387956.8197591,0.00049434,0.0345
7040,5.246617,5.18478,1770387994.2567768,0.00049395,0.0347
7050,5.366324,5.02228,1770388031.72728,0.00049355,0.0349
7060,5.238311,5.357548,1770388069.1707158,0.00049316,0.0351
7070,5.140893,4.915547,1770388106.637771,0.00049276,0.0353
7080,5.362808,5.37248,1770388144.0764108,0.00049237,0.0354
7090,5.256467,5.050302,1770388181.5387282,0.00049197,0.0356
7100,5.211343,5.488579,1770388218.9827874,0.00049158,0.0357
7110,5.524687,5.148803,1770388256.4469206,0.00049118,0.0358
7120,5.336665,5.300791,1770388293.8873749,0.00049078,0.0359
7130,5.000397,5.419428,1770388331.353812,0.00049038,0.036
7140,5.058705,5.020267,1770388368.797538,0.00048998,0.036
7150,5.376597,4.974443,1770388406.2655602,0.00048959,0.0361
7160,5.156984,5.304446,1770388443.7037067,0.00048919,0.0362
7170,4.931292,5.114643,1770388481.1532252,0.00048879,0.0363
7180,5.361833,5.161403,1770388518.603383,0.00048838,0.0363
7190,5.319033,5.216057,1770388556.3480957,0.00048798,0.0363
7200,5.294644,5.21208,1770388593.7905366,0.00048758,0.0364
7210,5.085651,5.315148,1770388631.2858338,0.00048718,0.0364
7220,5.157681,5.048119,1770388668.7257066,0.00048678,0.0365
7230,5.365009,5.154381,1770388706.185995,0.00048637,0.0365
7240,4.945421,5.119649,1770388743.6161532,0.00048597,0.0365
7250,5.005168,5.09014,1770388781.0751352,0.00048556,0.0365
7260,4.974049,5.469546,1770388818.526224,0.00048516,0.0365
7270,5.152692,5.142612,1770388855.9886923,0.00048475,0.0366
7280,5.289469,5.272936,1770388893.4295714,0.00048435,0.0366
7290,5.405326,4.960532,1770388930.892856,0.00048394,0.0366
7300,5.393922,5.140156,1770388968.3300755,0.00048353,0.0366
7310,5.244482,5.071545,1770389005.794258,0.00048312,0.0366
7320,4.977453,5.082837,1770389043.2368176,0.00048271,0.0366
7330,4.833501,5.194372,1770389080.6965923,0.00048231,0.0367
7340,5.449826,5.02048,1770389118.1331787,0.0004819,0.0367
7350,5.202565,5.036255,1770389155.6005795,0.00048149,0.0367
7360,5.040688,5.028288,1770389193.0382922,0.00048108,0.0367
7370,5.294898,5.395042,1770389230.4922626,0.00048066,0.0367
7380,5.184074,5.0256,1770389267.9454622,0.00048025,0.0367
7390,5.231611,5.054206,1770389305.4020882,0.00047984,0.0367
7400,5.182114,5.133063,1770389342.829665,0.00047943,0.0367
7410,5.261139,5.672472,1770389380.293645,0.00047901,0.0367
7420,5.544329,5.207561,1770389417.73343,0.0004786,0.0367
7430,5.381458,5.399986,1770389455.1974003,0.00047819,0.0367
7440,5.318667,5.181261,1770389492.6320877,0.00047777,0.0367
7450,4.912098,5.142766,1770389530.1357982,0.00047736,0.0367
7460,5.357192,5.349767,1770389567.5574086,0.00047694,0.0367
7470,5.070958,5.257823,1770389605.0223503,0.00047652,0.0367
7480,5.11301,5.208115,1770389642.4633443,0.00047611,0.0367
7490,5.331864,5.390318,1770389679.9247906,0.00047569,0.0367
7500,5.228554,5.220356,1770389730.0444057,0.00047527,0.0367
7510,5.257793,5.087855,1770389775.7109592,0.00047485,0.0339
7520,5.60434,5.08418,1770389813.1497936,0.00047443,0.0342
7530,5.15245,5.351415,1770389850.6178846,0.00047401,0.0345
7540,5.028293,5.158589,1770389888.061286,0.00047359,0.0347
7550,4.898238,5.242068,1770389925.5266757,0.00047317,0.0349
7560,5.32892,5.415909,1770389962.978003,0.00047275,0.0351
7570,5.188975,5.209831,1770390000.43636,0.00047233,0.0353
7580,5.232765,5.117732,1770390037.8853784,0.00047191,0.0354
7590,5.153599,5.726795,1770390075.345291,0.00047149,0.0355
7600,5.415052,5.560282,1770390112.7996173,0.00047106,0.0357
7610,5.424464,5.187305,1770390150.2480469,0.00047064,0.0358
7620,5.107532,5.14932,1770390187.6856778,0.00047022,0.0359
7630,5.060152,5.366934,1770390225.152918,0.00046979,0.036
7640,5.323259,5.214753,1770390262.6074002,0.00046937,0.036
7650,5.178465,5.262615,1770390300.0547411,0.00046894,0.0361
7660,5.506073,4.953959,1770390337.478999,0.00046852,0.0362
7670,5.060999,5.530028,1770390374.9127083,0.00046809,0.0362
7680,5.350502,5.138135,1770390412.3138096,0.00046766,0.0363
7690,5.333093,4.925856,1770390449.7710876,0.00046723,0.0363
7700,5.184596,5.304103,1770390487.1730435,0.00046681,0.0364
7710,5.237824,5.383513,1770390524.6250224,0.00046638,0.0364
7720,5.072908,5.277242,1770390562.0387783,0.00046595,0.0365
7730,5.316579,5.219021,1770390599.483746,0.00046552,0.0365
7740,5.152816,5.409689,1770390636.9071813,0.00046509,0.0365
7750,5.113906,5.075912,1770390674.339716,0.00046466,0.0366
7760,5.313262,5.25196,1770390711.75481,0.00046423,0.0366
7770,5.341088,5.026814,1770390749.1976397,0.0004638,0.0366
7780,5.4494,5.276229,1770390786.6406686,0.00046337,0.0366
7790,5.269122,5.112694,1770390824.1153314,0.00046293,0.0366
7800,5.268769,5.271149,1770390861.5440035,0.0004625,0.0367
7810,5.189652,5.011251,1770390898.9997003,0.00046207,0.0367
7820,5.31467,5.7451,1770390936.4432878,0.00046163,0.0367
7830,4.741972,5.294171,1770390973.893895,0.0004612,0.0367
7840,5.211473,6.2276,1770391011.3246274,0.00046077,0.0367
7850,5.605525,5.545669,1770391048.7721255,0.00046033,0.0367
7860,5.165989,5.204221,1770391086.1734045,0.0004599,0.0367
7870,5.175348,5.480171,1770391123.6171834,0.00045946,0.0367
7880,5.135927,5.076047,1770391161.0412562,0.00045902,0.0367
7890,5.250704,5.175851,1770391198.4888003,0.00045859,0.0367
7900,5.517449,5.187855,1770391235.9137208,0.00045815,0.0367
7910,5.332056,5.341024,1770391273.363999,0.00045771,0.0367
7920,5.26293,5.415171,1770391310.771345,0.00045727,0.0367
7930,5.147573,5.34124,1770391348.202931,0.00045683,0.0367
7940,5.340167,4.962001,1770391385.6271925,0.00045639,0.0367
7950,5.102831,5.023842,1770391423.0516498,0.00045595,0.0367
7960,5.108391,5.175049,1770391460.4817638,0.00045551,0.0367
7970,4.952186,5.037538,1770391497.924246,0.00045507,0.0367
7980,5.299971,5.104916,1770391535.3475826,0.00045463,0.0367
7990,5.179381,4.914361,1770391572.785936,0.00045419,0.0368
8000,5.231667,5.238907,1770391622.9280052,0.00045375,0.0368
8010,5.237668,5.19165,1770391668.552643,0.00045331,0.034
8020,5.158543,5.416028,1770391705.9787824,0.00045286,0.0342
8030,5.267691,5.034919,1770391743.4102726,0.00045242,0.0345
8040,5.092763,5.130299,1770391780.8325324,0.00045198,0.0347
8050,5.099081,5.323081,1770391818.2739594,0.00045153,0.0349
8060,5.20035,5.012489,1770391855.6991413,0.00045109,0.0351
8070,5.234949,5.587996,1770391893.1485915,0.00045064,0.0353
8080,5.665962,5.431016,1770391930.5712545,0.0004502,0.0354
8090,5.330809,5.488382,1770391968.010676,0.00044975,0.0356
8100,5.11218,5.201923,1770392005.435828,0.00044931,0.0357
8110,5.154791,4.96829,1770392042.8700452,0.00044886,0.0358
8120,5.498907,5.175249,1770392080.297179,0.00044841,0.0359
8130,5.414272,5.517347,1770392117.8024893,0.00044797,0.036
8140,5.146602,5.264936,1770392155.3148882,0.00044752,0.036
8150,5.179959,5.558356,1770392192.8525577,0.00044707,0.0361
8160,5.346432,5.144832,1770392230.3633769,0.00044662,0.0362
8170,5.398338,5.161088,1770392267.908114,0.00044617,0.0362
8180,5.15466,5.314432,1770392305.4177754,0.00044572,0.0363
8190,5.787855,5.465931,1770392342.941921,0.00044527,0.0363
8200,5.211086,5.107295,1770392380.462256,0.00044482,0.0364
8210,5.359808,5.205666,1770392418.005858,0.00044437,0.0364
8220,5.267514,5.258987,1770392455.517445,0.00044392,0.0364
8230,5.696067,5.603529,1770392493.0600748,0.00044347,0.0364
8240,5.113322,5.165869,1770392530.5772276,0.00044301,0.0365
8250,5.151719,5.687723,1770392568.121312,0.00044256,0.0365
8260,5.04271,5.437292,1770392605.633911,0.00044211,0.0365
8270,5.168867,5.495905,1770392643.182016,0.00044165,0.0365
8280,5.390807,5.261816,1770392680.6898825,0.0004412,0.0366
8290,5.296249,5.233444,1770392718.2259488,0.00044075,0.0366
8300,5.356843,5.429864,1770392755.763584,0.00044029,0.0366
8310,5.426051,5.175892,1770392793.296549,0.00043984,0.0366
8320,5.360274,5.32039,1770392830.8059118,0.00043938,0.0366
8330,5.206228,5.426918,1770392868.3482509,0.00043893,0.0366
8340,5.320469,5.059555,1770392905.869656,0.00043847,0.0366
8350,4.95321,5.156291,1770392943.4076433,0.00043801,0.0366
8360,5.537475,5.066469,1770392980.9162283,0.00043756,0.0366
8370,5.669184,5.069729,1770393018.4584205,0.0004371,0.0366
8380,5.121572,5.094898,1770393055.9775484,0.00043664,0.0366
8390,5.452379,5.203506,1770393093.5102313,0.00043618,0.0366
8400,5.445745,5.278571,1770393131.033858,0.00043572,0.0366
8410,5.080662,5.693525,1770393168.5759242,0.00043526,0.0367
8420,5.273647,5.331877,1770393206.0761485,0.00043481,0.0367
8430,5.410624,5.282102,1770393243.6127684,0.00043435,0.0367
8440,5.316417,5.226388,1770393281.120427,0.00043389,0.0367
8450,5.566499,5.326526,1770393318.6473649,0.00043342,0.0367
8460,4.992958,5.163435,1770393356.1578023,0.00043296,0.0367
8470,5.185303,5.28653,1770393393.7098143,0.0004325,0.0367
8480,5.06643,5.380376,1770393431.217567,0.00043204,0.0367
8490,5.219178,5.235194,1770393468.7533295,0.00043158,0.0367
8500,5.218174,5.265265,1770393519.0862546,0.00043112,0.0367
8510,5.071039,5.07377,1770393564.4503262,0.00043065,0.0339
8520,5.430534,5.28037,1770393601.953396,0.00043019,0.0341
8530,5.23019,5.081861,1770393639.4830842,0.00042973,0.0344
8540,5.234358,5.028623,1770393677.013507,0.00042926,0.0346
8550,5.3584,5.28128,1770393714.554037,0.0004288,0.0348
8560,5.188335,5.170986,1770393752.0670283,0.00042833,0.035
8570,5.31366,5.113641,1770393789.5857835,0.00042787,0.0352
8580,5.200609,5.243041,1770393827.1209414,0.0004274,0.0354
8590,5.394436,5.068099,1770393864.651647,0.00042694,0.0355
8600,5.489256,5.222136,1770393902.171248,0.00042647,0.0356
8610,4.996886,5.183397,1770393939.7148783,0.000426,0.0357
8620,5.126092,5.100421,1770393977.2553034,0.00042554,0.0358
8630,5.210018,5.310979,1770394014.798258,0.00042507,0.0359
8640,5.35466,5.274112,1770394052.314125,0.0004246,0.036
8650,5.024113,5.810985,1770394089.848673,0.00042413,0.0361
8660,5.110199,5.726313,1770394127.3755686,0.00042367,0.0361
8670,5.307859,5.396212,1770394164.9221346,0.0004232,0.0362
8680,5.054204,4.998497,1770394202.435218,0.00042273,0.0362
8690,5.169325,5.200916,1770394239.9829056,0.00042226,0.0363
8700,5.108177,5.423725,1770394277.4952753,0.00042179,0.0363
8710,5.055597,5.116776,1770394315.029561,0.00042132,0.0364
8720,5.289536,5.11683,1770394352.5629957,0.00042085,0.0364
8730,5.194415,5.281162,1770394390.1060667,0.00042038,0.0364
8740,5.055285,5.564127,1770394427.6200852,0.00041991,0.0365
8750,5.138955,5.082597,1770394465.168608,0.00041943,0.0365
8760,5.150194,5.216903,1770394502.6960983,0.00041896,0.0365
8770,5.728007,5.217305,1770394540.237,0.00041849,0.0365
8780,5.085033,5.163506,1770394577.7605836,0.00041802,0.0365
8790,5.223579,5.422749,1770394615.3102136,0.00041755,0.0365
8800,5.348976,5.135684,1770394652.8551168,0.00041707,0.0366
8810,5.295014,5.070645,1770394690.3812833,0.0004166,0.0366
8820,5.02212,5.548734,1770394727.910285,0.00041613,0.0366
8830,5.003,5.080674,1770394765.4500265,0.00041565,0.0366
8840,5.09333,5.133545,1770394802.9724593,0.00041518,0.0366
8850,5.579815,5.620253,1770394840.512743,0.0004147,0.0366
8860,5.351887,5.171998,1770394878.0499136,0.00041423,0.0366
8870,5.217221,5.345551,1770394915.5733628,0.00041375,0.0366
8880,5.146902,5.379417,1770394953.0845804,0.00041328,0.0366
8890,5.129809,5.416169,1770394990.6309488,0.0004128,0.0366
8900,5.397894,5.279646,1770395028.148111,0.00041232,0.0366
8910,5.240538,5.306789,1770395065.70392,0.00041185,0.0366
8920,5.310481,5.117461,1770395103.2418342,0.00041137,0.0366
8930,5.597962,5.153724,1770395140.781103,0.00041089,0.0366
8940,5.392704,5.043071,1770395178.3091493,0.00041041,0.0366
8950,5.632352,5.33892,1770395215.8467777,0.00040994,0.0366
8960,4.984124,4.815038,1770395253.36826,0.00040946,0.0366
8970,5.426621,5.165901,1770395290.8889737,0.00040898,0.0367
8980,5.242026,5.504939,1770395328.418547,0.0004085,0.0367
8990,5.290574,5.526167,1770395365.9809127,0.00040802,0.0367
9000,5.248631,5.240119,1770395416.249036,0.00040754,0.0367
9010,5.239381,5.280323,1770395462.0750232,0.00040706,0.0339
9020,5.109854,5.135572,1770395499.6045148,0.00040658,0.0341
9030,5.068582,5.625238,1770395537.1663418,0.0004061,0.0344
9040,4.946655,4.946062,1770395574.692066,0.00040562,0.0346
9050,5.573257,5.209726,1770395612.2326665,0.00040514,0.0348
9060,5.318228,5.272669,1770395649.7618642,0.00040466,0.035
9070,5.17225,5.055283,1770395687.2938578,0.00040418,0.0352
9080,5.043296,5.679252,1770395724.8165033,0.00040369,0.0353
9090,5.113384,5.394755,1770395762.3646922,0.00040321,0.0354
9100,5.255215,5.462167,1770395800.03487,0.00040273,0.0356
9110,5.636055,4.939123,1770395837.5775652,0.00040225,0.0357
9120,5.133439,5.293361,1770395875.0925214,0.00040176,0.0358
9130,5.33684,5.534647,1770395912.6377463,0.00040128,0.0359
9140,5.389366,5.24678,1770395950.170677,0.0004008,0.036
9150,5.293193,5.071471,1770395987.7016351,0.00040031,0.0361
9160,5.155836,5.095028,1770396025.216599,0.00039983,0.0361
9170,5.248396,5.415031,1770396062.7603924,0.00039934,0.0362
9180,4.786584,5.169263,1770396100.283957,0.00039886,0.0362
9190,5.511886,5.052055,1770396137.830123,0.00039837,0.0363
9200,5.031748,5.395718,1770396175.3493423,0.00039789,0.0363
9210,5.177191,5.50108,1770396212.9004357,0.0003974,0.0364
9220,5.254234,5.255731,1770396250.4182649,0.00039692,0.0364
9230,5.065801,5.147175,1770396287.9618716,0.00039643,0.0365
9240,5.202713,5.138728,1770396325.4887233,0.00039594,0.0365
9250,5.107289,5.527384,1770396363.026961,0.00039546,0.0365
9260,5.447523,5.377703,1770396400.5461092,0.00039497,0.0365
9270,5.036368,5.837036,1770396438.0787532,0.00039448,0.0365
9280,5.099077,5.459719,1770396475.608732,0.00039399,0.0366
9290,5.48924,5.083276,1770396513.1433458,0.00039351,0.0366
9300,5.18757,5.23355,1770396550.6726358,0.00039302,0.0366
9310,5.272923,5.337649,1770396588.2117674,0.00039253,0.0366
9320,5.36263,5.381168,1770396625.7335813,0.00039204,0.0366
9330,5.325431,5.31585,1770396663.2721212,0.00039155,0.0366
9340,5.399091,5.003952,1770396700.806949,0.00039106,0.0366
9350,5.170614,5.193203,1770396738.3487415,0.00039057,0.0366
9360,5.308689,5.320563,1770396775.869243,0.00039008,0.0366
9370,5.117763,5.188629,1770396813.4287145,0.0003896,0.0366
9380,4.818361,5.066372,1770396850.9588866,0.0003891,0.0366
9390,5.307421,5.441814,1770396888.4889507,0.00038861,0.0366
9400,5.246451,5.027449,1770396926.009092,0.00038812,0.0366
9410,5.153878,5.594909,1770396963.549269,0.00038763,0.0367
9420,5.358567,5.588789,1770397001.069185,0.00038714,0.0367
9430,5.571854,5.417414,1770397038.6037178,0.00038665,0.0367
9440,5.317606,5.056458,1770397076.1217773,0.00038616,0.0367
9450,5.195521,5.015143,1770397113.6693788,0.00038567,0.0367
9460,5.212811,5.507102,1770397151.1907008,0.00038518,0.0367
9470,5.111878,5.858437,1770397188.7231774,0.00038468,0.0367
9480,5.018618,5.241083,1770397226.2393162,0.00038419,0.0367
9490,5.211492,5.429381,1770397263.7617495,0.0003837,0.0367
9500,5.230002,5.280788,1770397314.1808534,0.0003832,0.0367
9510,5.48502,4.933734,1770397361.1667783,0.00038271,0.0339
9520,5.3161,5.130636,1770397398.6823363,0.00038222,0.0341
9530,5.404353,5.043832,1770397436.219879,0.00038172,0.0344
9540,5.20283,5.270048,1770397473.7432485,0.00038123,0.0346
9550,5.156425,5.23128,1770397511.2771482,0.00038074,0.0348
9560,5.074787,5.430807,1770397548.795242,0.00038024,0.035
9570,5.299506,5.267647,1770397586.3402345,0.00037975,0.0352
9580,5.304492,5.300153,1770397623.8664813,0.00037925,0.0353
9590,4.994423,5.337816,1770397661.399159,0.00037876,0.0355
9600,5.384501,5.498013,1770397698.925711,0.00037826,0.0356
9610,5.143043,5.232781,1770397736.460178,0.00037777,0.0357
9620,5.110942,5.515461,1770397773.9873044,0.00037727,0.0358
9630,5.243132,5.211093,1770397811.5192306,0.00037678,0.0359
9640,5.232367,5.130348,1770397849.032745,0.00037628,0.036
9650,5.263682,5.315677,1770397886.5715556,0.00037578,0.0361
9660,5.157632,5.004014,1770397924.0831728,0.00037529,0.0361
9670,5.210354,5.175575,1770397961.6121657,0.00037479,0.0362
9680,5.452622,5.472305,1770397999.1218774,0.00037429,0.0362
9690,5.090096,5.055671,1770398036.664805,0.0003738,0.0363
9700,5.174748,5.282097,1770398074.1896644,0.0003733,0.0363
9710,5.604109,5.245174,1770398111.712129,0.0003728,0.0364
9720,5.250552,5.487184,1770398149.228181,0.0003723,0.0364
9730,5.269459,5.315563,1770398186.7552536,0.00037181,0.0364
9740,5.090713,5.369347,1770398224.2615912,0.00037131,0.0364
9750,5.343875,5.345567,1770398261.7900293,0.00037081,0.0365
9760,4.859893,4.952411,1770398299.3044846,0.00037031,0.0365
9770,5.429563,5.462579,1770398336.8209028,0.00036981,0.0365
9780,5.318909,5.517813,1770398374.3313074,0.00036931,0.0365
9790,5.294711,5.30106,1770398411.8591747,0.00036881,0.0366
9800,5.270469,5.369151,1770398449.371935,0.00036831,0.0366
9810,5.486753,5.328282,1770398486.9035492,0.00036781,0.0366
9820,5.477496,5.000361,1770398524.4155962,0.00036732,0.0366
9830,5.311026,5.254527,1770398561.9557743,0.00036682,0.0366
9840,5.288196,5.308892,1770398599.4437006,0.00036632,0.0366
9850,5.323576,5.235715,1770398636.967261,0.00036582,0.0366
9860,5.305998,5.252216,1770398674.4722643,0.00036531,0.0367
9870,4.911701,4.930729,1770398712.004836,0.00036481,0.0367
9880,5.08877,5.308941,1770398749.5034883,0.00036431,0.0367
9890,5.552587,5.205458,1770398787.0389876,0.00036381,0.0367
9900,5.266754,5.265344,1770398824.5415745,0.00036331,0.0367
9910,5.115509,5.165036,1770398862.0686002,0.00036281,0.0367
9920,5.351668,5.53591,1770398899.573135,0.00036231,0.0367
9930,5.273395,5.26375,1770398937.0989487,0.00036181,0.0367
9940,5.284433,5.151962,1770398974.611218,0.00036131,0.0367
9950,5.39063,4.892705,1770399012.1407893,0.0003608,0.0367
9960,5.328395,5.367796,1770399049.6502204,0.0003603,0.0367
9970,5.364683,5.180024,1770399087.190206,0.0003598,0.0367
9980,5.401021,5.206541,1770399124.7068007,0.0003593,0.0367
9990,5.058365,5.206437,1770399162.2450988,0.00035879,0.0367
10000,5.233006,5.275436,1770399212.562193,0.00035829,0.0367
10010,5.329288,5.851603,1770399258.213943,0.00035779,0.0339
10020,5.35145,5.225991,1770399295.6578093,0.00035729,0.0342
10030,5.34005,5.456566,1770399333.119133,0.00035678,0.0344
10040,5.546951,5.086994,1770399370.5580995,0.00035628,0.0347
10050,5.382235,5.435919,1770399408.012808,0.00035578,0.0349
10060,5.105691,5.211293,1770399445.4432569,0.00035527,0.035
10070,5.256899,5.603298,1770399482.9094934,0.00035477,0.0352
10080,5.387532,5.067931,1770399520.3327053,0.00035427,0.0354
10090,5.206956,5.47085,1770399557.801417,0.00035376,0.0355
10100,4.900164,5.261473,1770399595.3104718,0.00035326,0.0356
10110,5.139684,5.064708,1770399632.8463416,0.00035275,0.0357
10120,4.858844,5.18716,1770399670.3258188,0.00035225,0.0358
10130,5.253,5.381287,1770399707.8330803,0.00035174,0.0359
10140,5.185121,5.427229,1770399745.2731895,0.00035124,0.036
10150,5.072193,5.427456,1770399782.733363,0.00035073,0.0361
10160,5.172215,5.206573,1770399820.1818929,0.00035023,0.0361
10170,5.103728,5.418684,1770399857.6434093,0.00034972,0.0362
10180,4.848142,6.026024,1770399895.0852706,0.00034922,0.0363
10190,5.280122,5.225619,1770399932.5699751,0.00034871,0.0363
10200,5.274857,5.176748,1770399969.9810884,0.00034821,0.0364
10210,5.301662,5.43215,1770400007.4462204,0.0003477,0.0364
10220,5.444872,5.062881,1770400044.8806126,0.0003472,0.0364
10230,5.505438,5.189284,1770400082.3492537,0.00034669,0.0365
10240,5.018863,5.375865,1770400119.78335,0.00034618,0.0365
10250,4.996565,5.444105,1770400157.2424157,0.00034568,0.0365
10260,5.356157,5.034981,1770400194.677446,0.00034517,0.0365
10270,5.160595,5.474543,1770400232.1433978,0.00034467,0.0366
10280,5.111192,5.380767,1770400269.57915,0.00034416,0.0366
10290,5.298043,5.499634,1770400307.0419989,0.00034365,0.0366
10300,5.422773,5.253866,1770400344.4832015,0.00034315,0.0366
10310,5.138955,5.048437,1770400381.9721503,0.00034264,0.0366
10320,4.97726,5.239239,1770400419.410654,0.00034213,0.0367
10330,5.211884,5.196511,1770400456.8779087,0.00034163,0.0367
10340,5.190856,5.300721,1770400494.333318,0.00034112,0.0367
10350,5.081438,5.500829,1770400531.808674,0.00034061,0.0367
10360,5.578339,5.338889,1770400569.2539914,0.0003401,0.0367
10370,5.206277,5.172948,1770400606.705994,0.0003396,0.0367
10380,5.286985,5.273007,1770400644.1509516,0.00033909,0.0367
10390,5.386431,5.276405,1770400681.6104002,0.00033858,0.0367
10400,5.41712,5.17886,1770400719.0468066,0.00033807,0.0367
10410,5.267189,5.180036,1770400756.562155,0.00033757,0.0367
10420,4.783106,5.199044,1770400793.9974272,0.00033706,0.0367
10430,5.268921,5.666352,1770400831.47307,0.00033655,0.0367
10440,5.393198,5.501097,1770400868.906815,0.00033604,0.0367
10450,5.19864,5.151648,1770400906.3681252,0.00033553,0.0367
10460,5.346826,5.104712,1770400943.7988222,0.00033503,0.0367
10470,5.358369,5.106285,1770400981.2637002,0.00033452,0.0367
10480,5.434986,5.185693,1770401018.7079222,0.00033401,0.0367
10490,5.15488,5.3771,1770401056.1764712,0.0003335,0.0367
10500,5.269523,5.309968,1770401106.345366,0.00033299,0.0367
10510,5.177142,5.286136,1770401152.1885412,0.00033248,0.0339
10520,4.953828,5.379536,1770401189.633329,0.00033198,0.0342
10530,5.42228,5.456246,1770401227.090869,0.00033147,0.0345
10540,5.088102,4.945597,1770401264.531722,0.00033096,0.0347
10550,5.241565,5.141424,1770401302.0069375,0.00033045,0.0349
10560,5.199859,5.2487,1770401339.4458294,0.00032994,0.0351
10570,5.319355,5.448179,1770401376.910428,0.00032943,0.0352
10580,5.067221,4.882568,1770401414.3533926,0.00032892,0.0354
10590,5.178769,5.276027,1770401451.810609,0.00032841,0.0355
10600,5.640565,5.379892,1770401489.25107,0.0003279,0.0356
10610,5.218806,5.014241,1770401526.7181864,0.00032739,0.0357
10620,5.272335,5.102315,1770401564.1583204,0.00032689,0.0358
10630,5.121956,5.155003,1770401601.6208527,0.00032638,0.0359
10640,5.304159,5.268964,1770401639.042452,0.00032587,0.036
10650,5.247781,5.059293,1770401676.523424,0.00032536,0.0361
10660,5.220506,5.531053,1770401713.9598525,0.00032485,0.0361
10670,5.419739,5.309433,1770401751.416495,0.00032434,0.0362
10680,5.19551,5.451422,1770401788.863849,0.00032383,0.0363
10690,5.223465,5.188943,1770401826.3199122,0.00032332,0.0363
10700,5.396923,5.255535,1770401863.7593403,0.00032281,0.0364
10710,5.067137,5.186476,1770401901.226277,0.0003223,0.0364
10720,5.346236,5.651241,1770401938.6613505,0.00032179,0.0364
10730,5.355586,5.182027,1770401976.1289115,0.00032128,0.0365
10740,5.400948,4.959564,1770402013.5768404,0.00032077,0.0365
10750,4.947276,5.39489,1770402051.0396948,0.00032026,0.0365
10760,5.167747,5.586873,1770402088.4719856,0.00031975,0.0366
10770,5.422388,5.464221,1770402125.9364803,0.00031924,0.0366
10780,5.62012,5.815561,1770402163.3756948,0.00031873,0.0366
10790,5.422429,5.21664,1770402200.830609,0.00031822,0.0366
10800,5.432683,5.234161,1770402238.2792256,0.00031771,0.0366
10810,5.172905,5.2846,1770402275.7383614,0.0003172,0.0367
10820,5.107138,5.118664,1770402313.1805725,0.00031669,0.0367
10830,5.330575,5.809396,1770402350.633314,0.00031618,0.0367
10840,5.477629,5.266598,1770402388.0770354,0.00031567,0.0367
10850,5.120588,5.30198,1770402425.554777,0.00031516,0.0367
10860,5.22032,5.289457,1770402462.9866865,0.00031465,0.0367
10870,5.100504,5.541741,1770402500.4521594,0.00031414,0.0367
10880,5.22393,5.447707,1770402537.8835511,0.00031363,0.0367
10890,5.473869,5.195837,1770402575.3444474,0.00031312,0.0367
10900,5.36756,4.955377,1770402612.7932742,0.0003126,0.0367
10910,5.154199,5.052522,1770402650.243146,0.00031209,0.0367
10920,5.376014,5.064647,1770402687.6940155,0.00031158,0.0367
10930,5.439255,5.374971,1770402725.1582446,0.00031107,0.0367
10940,5.247191,5.263885,1770402762.5998552,0.00031056,0.0367
10950,5.481803,4.91082,1770402800.0631251,0.00031005,0.0367
10960,4.91733,5.575578,1770402837.5106015,0.00030954,0.0367
10970,5.486715,5.141949,1770402874.9629066,0.00030903,0.0367
10980,5.577776,5.488638,1770402912.4086795,0.00030852,0.0367
10990,5.545889,5.123105,1770402949.8705978,0.00030801,0.0367
11000,5.260097,5.297025,1770403000.1399229,0.0003075,0.0367
11010,5.313419,5.206514,1770403048.3362336,0.00030699,0.0339
11020,5.53452,5.024156,1770403085.769905,0.00030648,0.0342
11030,5.387067,5.57086,1770403123.2232883,0.00030597,0.0344
11040,5.363526,4.945673,1770403160.7075431,0.00030546,0.0347
11050,5.445058,5.295242,1770403198.1509204,0.00030495,0.0349
11060,5.348213,5.393322,1770403235.5997164,0.00030444,0.0351
11070,5.403708,5.270536,1770403273.0644011,0.00030393,0.0352
11080,5.164644,5.683923,1770403310.4975104,0.00030342,0.0354
11090,5.313799,5.151629,1770403347.9604774,0.00030291,0.0355
11100,5.463173,5.888972,1770403385.3947272,0.0003024,0.0356
11110,5.402443,5.107661,1770403422.8599222,0.00030188,0.0358
11120,5.163857,5.138525,1770403460.3037546,0.00030137,0.0359
11130,5.080372,5.068359,1770403497.772776,0.00030086,0.036
11140,5.327075,5.142697,1770403535.213063,0.00030035,0.036
11150,5.244609,5.269706,1770403572.6661203,0.00029984,0.0361
11160,5.43519,5.359009,1770403610.1535811,0.00029933,0.0362
11170,5.224343,5.30361,1770403647.6136875,0.00029882,0.0362
11180,5.209241,5.71608,1770403685.0569398,0.00029831,0.0363
11190,5.432501,5.43174,1770403722.529321,0.0002978,0.0363
11200,5.245676,5.438075,1770403759.9642916,0.00029729,0.0364
11210,5.386187,5.131221,1770403797.4228,0.00029678,0.0364
11220,5.34505,5.139112,1770403834.863141,0.00029627,0.0364
11230,5.276459,5.249974,1770403872.318087,0.00029576,0.0365
11240,5.349645,5.072992,1770403909.7997062,0.00029525,0.0365
11250,5.355464,5.073108,1770403947.2434556,0.00029474,0.0365
11260,5.181002,5.100674,1770403984.683702,0.00029423,0.0365
11270,5.293583,5.296668,1770404022.1409836,0.00029372,0.0366
11280,5.313975,4.914798,1770404059.5770874,0.00029321,0.0366
11290,5.083797,5.034742,1770404097.0449617,0.0002927,0.0366
11300,5.345873,5.265933,1770404134.4928908,0.00029219,0.0366
11310,5.41144,5.08,1770404171.9674609,0.00029168,0.0366
11320,5.132857,5.322569,1770404209.4144485,0.00029117,0.0367
11330,5.639655,5.201476,1770404246.8754942,0.00029066,0.0367
11340,5.19163,5.465229,1770404284.3110857,0.00029015,0.0367
11350,5.546809,5.348295,1770404321.7764208,0.00028964,0.0367
11360,5.246665,5.107686,1770404359.2131994,0.00028913,0.0367
11370,5.328314,5.109423,1770404396.6701396,0.00028862,0.0367
11380,5.293968,5.343679,1770404434.1151943,0.00028811,0.0367
11390,5.422801,5.011255,1770404471.6040502,0.00028761,0.0367
11400,5.160133,5.290941,1770404509.0423155,0.0002871,0.0367
11410,5.215794,5.480356,1770404546.4914107,0.00028659,0.0367
11420,5.454702,5.305618,1770404583.9414914,0.00028608,0.0367
11430,5.282989,5.199404,1770404621.4055655,0.00028557,0.0367
11440,5.431311,5.355558,1770404658.845757,0.00028506,0.0367
11450,5.1151,5.366188,1770404696.3358457,0.00028455,0.0367
11460,5.2738,5.149254,1770404733.773199,0.00028404,0.0367
11470,5.246988,5.223027,1770404771.2358923,0.00028353,0.0367
11480,5.076729,5.190927,1770404808.67452,0.00028302,0.0367
11490,5.306489,5.058383,1770404846.130812,0.00028252,0.0367
11500,5.277442,5.270296,1770404896.2150674,0.00028201,0.0367
11510,5.231999,5.5351,1770404941.9136095,0.0002815,0.0339
11520,5.36303,5.770269,1770404979.351792,0.00028099,0.0342
11530,5.242524,5.219671,1770405016.8105898,0.00028048,0.0345
11540,5.088084,4.929549,1770405054.24701,0.00027997,0.0347
11550,5.13053,5.237525,1770405091.7191434,0.00027947,0.0349
11560,5.360651,5.039443,1770405129.1575518,0.00027896,0.0351
11570,5.282027,5.231149,1770405166.620036,0.00027845,0.0352
11580,5.19168,5.286514,1770405204.058894,0.00027794,0.0354
11590,5.34883,5.387137,1770405241.5270736,0.00027743,0.0355
11600,5.261025,5.318566,1770405278.9534578,0.00027693,0.0356
11610,5.490096,5.419607,1770405316.4175603,0.00027642,0.0358
11620,5.160199,5.255228,1770405353.8682194,0.00027591,0.0359
11630,5.156994,5.29255,1770405391.326731,0.0002754,0.0359
11640,5.265847,5.379433,1770405428.7749486,0.0002749,0.036
11650,5.567181,5.270827,1770405466.230779,0.00027439,0.0361
11660,5.431508,5.173397,1770405503.6656716,0.00027388,0.0361
11670,5.409536,5.175003,1770405541.130346,0.00027337,0.0362
11680,5.394537,5.356602,1770405578.5757968,0.00027287,0.0363
11690,5.245437,5.207719,1770405616.034073,0.00027236,0.0363
11700,5.509569,5.011866,1770405653.470009,0.00027185,0.0364
11710,5.216361,5.034721,1770405690.926561,0.00027135,0.0364
11720,5.193201,5.337948,1770405728.368908,0.00027084,0.0364
11730,5.375555,5.226552,1770405765.8293693,0.00027033,0.0365
11740,5.343181,5.212356,1770405803.2610931,0.00026983,0.0365
11750,5.118114,5.364341,1770405840.729473,0.00026932,0.0365
11760,5.159495,5.208724,1770405878.1691787,0.00026882,0.0365
11770,5.231672,5.037417,1770405915.6262517,0.00026831,0.0366
11780,5.369205,5.214136,1770405953.067315,0.0002678,0.0366
11790,5.340272,5.669997,1770405990.5267105,0.0002673,0.0366
11800,5.590891,4.987319,1770406027.967636,0.00026679,0.0366
11810,5.525146,5.124822,1770406065.4317644,0.00026629,0.0366
11820,5.269276,5.05403,1770406102.875851,0.00026578,0.0366
11830,5.807966,5.351625,1770406140.3326497,0.00026528,0.0367
11840,5.437061,5.286137,1770406177.7744496,0.00026477,0.0367
11850,5.393948,5.60128,1770406215.2337625,0.00026427,0.0367
11860,5.102687,5.530854,1770406252.6741087,0.00026376,0.0367
11870,5.579668,5.29648,1770406290.143969,0.00026326,0.0367
11880,5.405594,5.320708,1770406327.5872817,0.00026275,0.0367
11890,5.236894,5.50071,1770406365.043698,0.00026225,0.0367
11900,5.410931,5.185914,1770406402.4799757,0.00026174,0.0367
11910,5.285305,5.275129,1770406439.9441557,0.00026124,0.0367
11920,5.397426,5.217316,1770406477.381293,0.00026073,0.0367
11930,5.155074,4.927275,1770406514.835141,0.00026023,0.0367
11940,5.214553,5.306831,1770406552.294206,0.00025973,0.0367
11950,5.402586,4.904492,1770406589.7466283,0.00025922,0.0367
11960,5.167612,5.382793,1770406627.1898243,0.00025872,0.0367
11970,5.083439,5.087677,1770406664.6529613,0.00025822,0.0367
11980,5.310375,5.002215,1770406702.0945864,0.00025771,0.0367
11990,4.931547,5.176547,1770406739.5520203,0.00025721,0.0367
12000,5.276757,5.311318,1770406789.7653644,0.00025671,0.0367
12010,5.383391,5.213532,1770406835.4683273,0.00025621,0.0339
12020,5.435666,5.495697,1770406872.9354794,0.0002557,0.0342
12030,5.64238,5.726921,1770406910.398752,0.0002552,0.0345
12040,5.41688,5.393663,1770406947.8936038,0.0002547,0.0347
12050,5.329477,5.290337,1770406985.327051,0.0002542,0.0349
12060,5.160452,5.418674,1770407022.7763357,0.00025369,0.0351
12070,5.199825,5.416651,1770407060.2351182,0.00025319,0.0352
12080,4.98076,5.269051,1770407097.7081726,0.00025269,0.0354
12090,5.208188,5.18697,1770407135.1659253,0.00025219,0.0355
12100,5.300142,5.221028,1770407172.585462,0.00025169,0.0357
12110,5.312016,5.250494,1770407210.0669289,0.00025119,0.0358
12120,5.168673,5.500662,1770407247.5111878,0.00025069,0.0359
12130,5.174568,5.67538,1770407284.962666,0.00025019,0.036
12140,5.613225,5.365888,1770407322.4043329,0.00024969,0.036
12150,5.360372,5.43252,1770407359.8709486,0.00024918,0.0361
12160,5.273876,5.140656,1770407397.3701298,0.00024868,0.0362
12170,5.560576,5.348237,1770407434.8130612,0.00024818,0.0362
12180,5.508377,5.781242,1770407472.257424,0.00024768,0.0363
12190,5.423648,5.268017,1770407509.7203758,0.00024719,0.0363
12200,5.495707,5.381387,1770407547.188664,0.00024669,0.0364
12210,5.186021,5.728971,1770407584.6505208,0.00024619,0.0364
12220,4.953714,5.131419,1770407622.0906246,0.00024569,0.0365
12230,5.183653,5.22187,1770407659.5460129,0.00024519,0.0365
12240,5.256004,5.242134,1770407696.991675,0.00024469,0.0365
12250,5.466504,5.285625,1770407734.4533572,0.00024419,0.0365
12260,4.906662,5.506186,1770407771.9042022,0.00024369,0.0365
12270,5.111682,5.145263,1770407809.3855348,0.00024319,0.0366
12280,5.110672,5.161759,1770407846.815559,0.0002427,0.0366
12290,5.193827,5.177736,1770407884.274527,0.0002422,0.0366
12300,5.334291,5.287224,1770407921.723677,0.0002417,0.0366
12310,5.313038,5.740115,1770407959.1797707,0.0002412,0.0366
12320,5.307131,5.40739,1770407996.6219935,0.00024071,0.0366
12330,5.790047,5.21351,1770408034.1275623,0.00024021,0.0367
12340,5.093592,5.138266,1770408071.5569608,0.00023971,0.0367
12350,5.360687,5.136933,1770408109.0130565,0.00023922,0.0367
12360,5.285912,5.119756,1770408146.4640524,0.00023872,0.0367
12370,5.217027,5.69521,1770408183.9277284,0.00023822,0.0367
12380,5.45751,5.036145,1770408221.371566,0.00023773,0.0367
12390,5.549018,5.150569,1770408258.8218904,0.00023723,0.0367
12400,5.347849,5.359506,1770408296.261466,0.00023674,0.0367
12410,5.386047,5.434441,1770408333.7246518,0.00023624,0.0367
12420,5.271143,5.442812,1770408371.165341,0.00023575,0.0367
12430,5.275123,5.148411,1770408408.6316023,0.00023525,0.0367
12440,5.372629,5.273974,1770408446.0637262,0.00023476,0.0367
12450,5.446666,5.607658,1770408483.637694,0.00023426,0.0367
12460,5.092164,5.141602,1770408521.1064525,0.00023377,0.0367
12470,5.241058,5.178677,1770408558.634189,0.00023328,0.0367
12480,5.316169,5.296917,1770408596.1133192,0.00023278,0.0367
12490,5.362632,5.316675,1770408633.5729165,0.00023229,0.0367
12500,5.287417,5.310688,1770408686.0117908,0.0002318,0.0367
12510,5.428335,5.370615,1770408732.994321,0.0002313,0.0339
12520,5.174949,5.324864,1770408770.426923,0.00023081,0.0342
12530,5.472652,5.283278,1770408807.8905988,0.00023032,0.0344
12540,5.027322,5.149463,1770408845.3334315,0.00022982,0.0347
12550,5.365164,5.190325,1770408882.7870672,0.00022933,0.0349
12560,5.396058,5.86059,1770408920.2258868,0.00022884,0.0351
12570,5.278181,5.380831,1770408957.6886425,0.00022835,0.0352
12580,5.306792,5.466185,1770408995.134599,0.00022786,0.0354
12590,5.224829,5.232423,1770409032.5955524,0.00022737,0.0355
12600,5.272534,5.262343,1770409070.0493877,0.00022688,0.0356
12610,5.316119,5.083124,1770409107.513074,0.00022639,0.0358
12620,5.624285,5.694674,1770409144.9497771,0.0002259,0.0358
12630,5.127022,5.542532,1770409182.4468246,0.0002254,0.0359
12640,5.206953,5.676036,1770409219.8734086,0.00022492,0.036
12650,5.278034,5.200072,1770409257.3367443,0.00022443,0.0361
12660,5.203983,5.352278,1770409294.7738638,0.00022394,0.0362
12670,5.517351,5.388632,1770409332.233025,0.00022345,0.0362
12680,5.229059,5.110092,1770409369.6761134,0.00022296,0.0363
12690,5.420184,5.509784,1770409407.177856,0.00022247,0.0363
12700,5.358527,5.129949,1770409444.6226048,0.00022198,0.0364
12710,4.992027,5.376923,1770409482.0938096,0.00022149,0.0364
12720,5.068774,5.367541,1770409519.5266154,0.00022101,0.0364
12730,5.443152,5.315925,1770409556.994998,0.00022052,0.0365
12740,5.423991,5.290175,1770409594.435501,0.00022003,0.0365
12750,5.421971,5.17031,1770409631.9007547,0.00021954,0.0365
12760,5.451688,5.091941,1770409669.3430986,0.00021906,0.0365
12770,5.24296,5.094822,1770409706.7965376,0.00021857,0.0366
12780,5.443224,5.217587,1770409744.2430208,0.00021808,0.0366
12790,5.182706,4.87124,1770409781.72321,0.0002176,0.0366
12800,5.213952,5.314044,1770409819.1538322,0.00021711,0.0366
12810,5.315723,5.431409,1770409856.6154966,0.00021663,0.0366
12820,5.442454,5.224908,1770409894.056407,0.00021614,0.0366
12830,5.288247,5.65433,1770409931.521027,0.00021566,0.0367
12840,5.775629,5.482377,1770409968.96947,0.00021517,0.0367
12850,5.395346,5.688868,1770410006.4375796,0.00021469,0.0367
12860,5.433277,5.53642,1770410043.8806107,0.0002142,0.0367
12870,5.461897,5.890503,1770410081.3443682,0.00021372,0.0367
12880,5.094649,5.17003,1770410118.7815402,0.00021324,0.0367
12890,5.139707,5.267722,1770410156.2473805,0.00021275,0.0367
12900,5.213658,5.455015,1770410193.6848652,0.00021227,0.0367
12910,5.453076,5.132882,1770410231.1519375,0.00021179,0.0367
12920,5.378768,5.275864,1770410268.594891,0.00021131,0.0367
12930,5.293484,5.225866,1770410307.3385434,0.00021082,0.0367
12940,5.13351,5.368607,1770410344.7816958,0.00021034,0.0367
12950,5.591542,5.481682,1770410382.2333243,0.00020986,0.0367
12960,5.485178,5.186578,1770410419.6682298,0.00020938,0.0367
12970,5.24966,5.180525,1770410457.1296692,0.0002089,0.0367
12980,5.361881,5.433197,1770410494.572518,0.00020842,0.0367
12990,5.193064,5.477918,1770410532.0253944,0.00020794,0.0367
13000,5.285545,5.335935,1770410582.2497404,0.00020746,0.0367
13010,5.384125,5.293128,1770410627.9843438,0.00020698,0.0339
13020,5.059685,5.332325,1770410665.4310634,0.0002065,0.0342
13030,5.469744,5.43265,1770410702.885766,0.00020602,0.0345
13040,5.357004,5.175733,1770410740.3350906,0.00020554,0.0347
13050,5.453776,5.279614,1770410777.787964,0.00020506,0.0349
13060,5.322197,5.292615,1770410815.2252696,0.00020459,0.0351
13070,5.229444,5.223555,1770410852.6967022,0.00020411,0.0353
13080,5.294159,5.190252,1770410890.141191,0.00020363,0.0354
13090,5.208163,5.114582,1770410927.59437,0.00020315,0.0356
13100,5.154536,5.385256,1770410965.0374084,0.00020268,0.0357
13110,5.244686,5.104545,1770411002.497046,0.0002022,0.0358
13120,5.299549,5.585364,1770411039.9227648,0.00020172,0.0359
13130,5.209395,5.190979,1770411077.3880763,0.00020125,0.036
13140,5.210298,5.257408,1770411114.8323448,0.00020077,0.0361
13150,5.281348,5.286083,1770411152.2934685,0.0002003,0.0361
13160,5.150932,5.348012,1770411189.7301884,0.00019982,0.0362
13170,4.992584,5.616634,1770411227.1880062,0.00019935,0.0363
13180,5.389948,5.291624,1770411264.6316211,0.00019887,0.0363
13190,5.534578,5.105947,1770411302.0899749,0.0001984,0.0364
13200,5.339526,5.163271,1770411339.5377843,0.00019793,0.0364
13210,5.195017,5.592606,1770411376.9999588,0.00019745,0.0364
13220,5.298426,5.336033,1770411414.4330058,0.00019698,0.0365
13230,5.139339,5.381632,1770411451.8933065,0.00019651,0.0365
13240,5.333054,5.148036,1770411489.334217,0.00019604,0.0365
13250,5.322109,5.163924,1770411526.79427,0.00019557,0.0365
13260,5.446414,5.267122,1770411564.2383509,0.00019509,0.0366
13270,5.299091,5.268535,1770411601.696344,0.00019462,0.0366
13280,5.156974,5.771697,1770411639.1451645,0.00019415,0.0366
13290,5.000338,5.281537,1770411676.6037033,0.00019368,0.0366
13300,5.321074,5.347122,1770411714.043821,0.00019321,0.0366
13310,5.247614,5.184341,1770411751.505955,0.00019274,0.0367
13320,5.278339,5.306665,1770411788.9426506,0.00019227,0.0367
13330,5.427098,5.246462,1770411826.416581,0.0001918,0.0367
13340,5.326357,5.089999,1770411863.8580334,0.00019133,0.0367
13350,4.956139,5.143707,1770411901.322114,0.00019087,0.0367
13360,5.259088,5.096919,1770411938.7551355,0.0001904,0.0367
13370,5.326242,5.532024,1770411976.2130573,0.00018993,0.0367
13380,5.29785,4.956543,1770412013.6528232,0.00018946,0.0367
13390,5.180692,5.632383,1770412051.1187637,0.000189,0.0367
13400,5.288263,5.275893,1770412088.547746,0.00018853,0.0367
13410,5.062504,5.987757,1770412126.0322196,0.00018806,0.0367
13420,5.324389,5.457491,1770412163.4637244,0.0001876,0.0367
13430,5.416704,5.167558,1770412200.9214652,0.00018713,0.0367
13440,5.236245,5.417517,1770412238.354417,0.00018667,0.0367
13450,5.271994,5.384886,1770412275.8195925,0.0001862,0.0367
13460,5.331882,5.136177,1770412313.2654536,0.00018574,0.0367
13470,5.376843,5.582307,1770412350.7273698,0.00018527,0.0367
13480,5.159798,5.314827,1770412388.162354,0.00018481,0.0367
13490,5.309431,5.318287,1770412425.6199718,0.00018435,0.0367
13500,5.302179,5.325587,1770412475.685708,0.00018388,0.0367
13510,5.487852,5.199451,1770412521.4467726,0.00018342,0.0339
13520,5.384213,5.630333,1770412558.8798702,0.00018296,0.0342
13530,5.383493,5.176803,1770412596.3409357,0.0001825,0.0345
13540,5.195335,5.246199,1770412633.7821229,0.00018204,0.0347
13550,5.323687,5.409445,1770412671.2535405,0.00018158,0.0349
13560,5.35982,5.433884,1770412708.6871529,0.00018111,0.0351
13570,4.959696,5.249724,1770412746.148465,0.00018065,0.0353
13580,5.338455,5.357584,1770412783.589656,0.00018019,0.0354
13590,5.268847,5.464661,1770412821.045741,0.00017974,0.0355
13600,5.651528,5.548983,1770412858.4881384,0.00017928,0.0357
13610,5.304782,5.32642,1770412895.947945,0.00017882,0.0358
13620,5.150256,5.260714,1770412933.3836896,0.00017836,0.0359
13630,5.101283,5.186775,1770412970.8502548,0.0001779,0.036
13640,5.201017,5.471979,1770413008.3012938,0.00017744,0.036
13650,5.411293,5.317952,1770413045.7600324,0.00017699,0.0361
13660,5.34238,5.382349,1770413083.198067,0.00017653,0.0362
13670,5.114276,5.322353,1770413120.6514533,0.00017607,0.0362
13680,5.56242,5.160133,1770413158.097582,0.00017562,0.0363
13690,5.283463,5.392479,1770413195.5518928,0.00017516,0.0363
13700,5.066661,5.459063,1770413233.000855,0.00017471,0.0364
13710,5.434582,5.133642,1770413270.4690826,0.00017425,0.0364
13720,5.28657,5.094896,1770413307.9114058,0.0001738,0.0364
13730,5.491742,5.03429,1770413345.3621123,0.00017335,0.0365
13740,5.353806,5.261983,1770413382.8032954,0.00017289,0.0365
13750,5.178939,5.376217,1770413420.2835612,0.00017244,0.0365
13760,5.348772,5.422915,1770413457.730877,0.00017199,0.0365
13770,4.854865,5.386431,1770413495.1868207,0.00017153,0.0366
13780,5.242479,5.331468,1770413532.6283314,0.00017108,0.0366
13790,5.415982,5.805393,1770413570.0919302,0.00017063,0.0366
13800,5.225413,5.200631,1770413607.5303254,0.00017018,0.0366
13810,5.451636,5.160854,1770413644.9875126,0.00016973,0.0366
13820,5.286941,5.377272,1770413682.425616,0.00016928,0.0367
13830,5.624231,5.204098,1770413719.889558,0.00016883,0.0367
13840,5.110627,5.676912,1770413757.3275278,0.00016838,0.0367
13850,5.517184,4.867096,1770413794.7961686,0.00016793,0.0367
13860,5.347788,5.20278,1770413832.220635,0.00016748,0.0367
13870,5.520101,5.17565,1770413869.6933792,0.00016703,0.0367
13880,5.204183,5.288614,1770413907.133042,0.00016659,0.0367
13890,5.739694,5.027639,1770413944.5961454,0.00016614,0.0367
13900,5.374888,5.275133,1770413982.0225277,0.00016569,0.0367
13910,5.367657,5.445366,1770414019.48851,0.00016525,0.0367
13920,5.147516,5.458455,1770414056.9330375,0.0001648,0.0367
13930,5.210857,5.247327,1770414094.389653,0.00016436,0.0367
13940,5.164675,5.250761,1770414131.8302252,0.00016391,0.0367
13950,5.63529,5.375214,1770414169.2836685,0.00016347,0.0367
13960,5.506009,5.382763,1770414206.7340846,0.00016302,0.0367
13970,5.084575,5.30646,1770414244.1862693,0.00016258,0.0367
13980,5.095373,5.275397,1770414281.6349392,0.00016214,0.0367
13990,5.35305,5.242413,1770414319.1032364,0.00016169,0.0367
14000,5.296926,5.322605,1770414369.324406,0.00016125,0.0367
14010,5.214766,5.430115,1770414415.812847,0.00016081,0.0339
14020,5.172355,5.408233,1770414453.2472878,0.00016037,0.0342
14030,5.154201,5.170268,1770414490.7141876,0.00015993,0.0345
14040,5.541307,5.321425,1770414528.1557477,0.00015949,0.0347
14050,5.50785,5.406933,1770414565.6160817,0.00015905,0.0349
14060,5.366045,5.345954,1770414603.042796,0.00015861,0.0351
14070,5.433071,5.327072,1770414640.5097358,0.00015817,0.0352
14080,5.193469,5.173165,1770414677.942479,0.00015773,0.0354
14090,5.024632,5.424635,1770414715.40911,0.00015729,0.0355
14100,4.985936,5.321467,1770414752.8523514,0.00015685,0.0357
14110,5.290205,5.321909,1770414790.3196225,0.00015641,0.0358
14120,5.089396,5.341571,1770414827.7598066,0.00015598,0.0359
14130,5.376068,5.555905,1770414865.2264647,0.00015554,0.036
14140,5.134575,5.705532,1770414902.6653657,0.0001551,0.036
14150,5.274657,5.174429,1770414940.1214392,0.00015467,0.0361
14160,5.605906,5.330327,1770414977.559405,0.00015423,0.0362
14170,5.223851,5.350597,1770415015.025114,0.0001538,0.0362
14180,5.212327,5.187512,1770415052.4670618,0.00015337,0.0363
14190,4.996535,5.388954,1770415089.926576,0.00015293,0.0363
14200,5.514429,5.208554,1770415127.3701737,0.0001525,0.0364
14210,5.341244,5.530789,1770415164.8250573,0.00015207,0.0364
14220,5.426244,5.244542,1770415202.2660632,0.00015163,0.0364
14230,5.079877,5.353226,1770415239.719077,0.0001512,0.0365
14240,5.224615,5.266099,1770415277.1519096,0.00015077,0.0365
14250,5.245478,5.402891,1770415314.6173563,0.00015034,0.0365
14260,5.081041,5.473584,1770415352.051659,0.00014991,0.0366
14270,5.280014,5.346886,1770415389.5150716,0.00014948,0.0366
14280,5.136728,5.158123,1770415426.94582,0.00014905,0.0366
14290,5.447428,5.390581,1770415464.4041207,0.00014862,0.0366
14300,5.281424,5.199975,1770415501.8673024,0.00014819,0.0366
14310,5.057538,5.187397,1770415539.315451,0.00014777,0.0367
14320,5.440159,5.366937,1770415576.75072,0.00014734,0.0367
14330,5.381606,5.092384,1770415614.2165723,0.00014691,0.0367
14340,5.247462,5.281959,1770415651.6482842,0.00014648,0.0367
14350,5.323029,5.241812,1770415689.1039743,0.00014606,0.0367
14360,5.354659,5.315862,1770415726.550662,0.00014563,0.0367
14370,5.069229,5.291337,1770415764.0031064,0.00014521,0.0367
14380,5.480731,4.991481,1770415801.4481735,0.00014478,0.0367
14390,5.286937,5.766796,1770415838.914508,0.00014436,0.0367
14400,5.20963,5.409064,1770415876.3513565,0.00014394,0.0367
14410,5.221443,5.034193,1770415913.8118374,0.00014351,0.0367
14420,5.628625,5.298224,1770415951.2580168,0.00014309,0.0367
14430,5.245602,5.257678,1770415988.7149942,0.00014267,0.0367
14440,5.121073,5.315257,1770416026.1652882,0.00014225,0.0367
14450,5.35142,5.223078,1770416063.62316,0.00014183,0.0367
14460,5.227291,5.177332,1770416101.0599296,0.00014141,0.0367
14470,5.322633,5.496861,1770416138.516006,0.00014099,0.0367
14480,5.346925,5.500749,1770416175.946951,0.00014057,0.0367
14490,5.064211,5.165258,1770416213.414084,0.00014015,0.0367
14500,5.297374,5.348983,1770416263.5938993,0.00013973,0.0367
14510,5.106086,5.391588,1770416309.2856684,0.00013931,0.0339
14520,5.341536,5.32449,1770416346.7160487,0.00013889,0.0342
14530,5.357683,5.195158,1770416384.1584804,0.00013848,0.0345
14540,5.210065,5.377017,1770416421.627263,0.00013806,0.0347
14550,5.121192,5.565337,1770416459.0766065,0.00013764,0.0349
14560,5.29362,5.248271,1770416496.523875,0.00013723,0.0351
14570,5.320387,5.299904,1770416533.9635365,0.00013681,0.0352
14580,5.421357,5.30991,1770416571.4237795,0.0001364,0.0354
14590,5.323433,5.254302,1770416608.9272482,0.00013599,0.0355
14600,5.578757,5.153667,1770416646.365764,0.00013557,0.0356
14610,5.245216,5.25096,1770416683.8266113,0.00013516,0.0357
14620,4.995598,5.235544,1770416721.260942,0.00013475,0.0358
14630,5.221615,5.380001,1770416758.720414,0.00013434,0.0359
14640,5.301892,5.352007,1770416796.1630569,0.00013392,0.036
14650,5.390683,5.260268,1770416833.6279356,0.00013351,0.0361
14660,5.090584,5.219403,1770416871.0652828,0.0001331,0.0362
14670,5.248258,5.421537,1770416908.5236435,0.00013269,0.0362
14680,5.62088,5.44824,1770416945.9575057,0.00013229,0.0363
14690,5.125812,5.303464,1770416983.413229,0.00013188,0.0363
14700,4.978591,5.17456,1770417020.8518136,0.00013147,0.0364
14710,5.220015,5.209164,1770417058.3162637,0.00013106,0.0364
14720,5.077774,5.003704,1770417095.754973,0.00013065,0.0364
14730,5.174598,5.382421,1770417133.2151084,0.00013025,0.0365
14740,5.219852,5.229974,1770417170.6562,0.00012984,0.0365
14750,5.335392,4.996553,1770417208.1129704,0.00012944,0.0365
14760,5.318079,5.378944,1770417245.548176,0.00012903,0.0365
14770,5.327424,5.580422,1770417283.0133476,0.00012863,0.0366
14780,5.397625,5.262803,1770417320.4514294,0.00012822,0.0366
14790,5.310065,5.385588,1770417357.9051025,0.00012782,0.0366
14800,5.196364,5.357188,1770417395.3423169,0.00012742,0.0366
14810,5.243764,5.530818,1770417432.8387196,0.00012702,0.0366
14820,5.161514,5.135676,1770417470.2679222,0.00012662,0.0366
14830,5.413763,5.254779,1770417507.7305474,0.00012621,0.0367
14840,5.234184,5.335042,1770417546.2139535,0.00012581,0.0367
14850,5.220401,5.303026,1770417583.6794028,0.00012541,0.0367
14860,5.330071,5.219423,1770417621.1085253,0.00012502,0.0367
14870,5.375309,5.307809,1770417658.5705824,0.00012462,0.0367
14880,5.341906,5.042786,1770417695.999879,0.00012422,0.0367
14890,5.639662,5.082649,1770417733.4616446,0.00012382,0.0367
14900,5.344437,5.230213,1770417770.8978777,0.00012342,0.0367
14910,5.349562,5.250011,1770417808.3632324,0.00012303,0.0367
14920,5.413027,5.258323,1770417845.793114,0.00012263,0.0367
14930,5.519821,5.343464,1770417883.246745,0.00012224,0.0367
14940,5.140448,5.272283,1770417920.692155,0.00012184,0.0367
14950,5.283114,5.183138,1770417958.1475432,0.00012145,0.0367
14960,5.228553,5.590144,1770417995.5862217,0.00012105,0.0367
14970,5.249872,5.509112,1770418033.0434546,0.00012066,0.0367
14980,5.003153,5.233759,1770418070.4846442,0.00012027,0.0367
14990,5.532439,5.077203,1770418107.944734,0.00011988,0.0367
15000,5.310647,5.3506,1770418158.0555377,0.00011948,0.0367
15010,5.296649,5.514062,1770418203.603032,0.00011909,0.0339
15020,5.324389,5.021226,1770418241.049523,0.0001187,0.0342
15030,5.385084,5.155004,1770418278.5164158,0.00011831,0.0344
15040,5.223718,5.114988,1770418315.9506598,0.00011792,0.0347
15050,5.15328,5.376226,1770418353.4137993,0.00011754,0.0349
15060,5.328528,5.267326,1770418390.852203,0.00011715,0.0351
15070,5.162964,5.306498,1770418428.3110209,0.00011676,0.0352
15080,5.355747,5.19013,1770418465.7602496,0.00011637,0.0354
15090,5.224047,5.334714,1770418503.2227983,0.00011599,0.0355
15100,5.337601,5.149594,1770418540.657235,0.0001156,0.0356
15110,5.488889,5.202327,1770418578.1188562,0.00011522,0.0357
15120,5.202307,5.09175,1770418615.5528145,0.00011483,0.0358
15130,5.402979,5.149099,1770418653.0119183,0.00011445,0.0359
15140,4.655045,5.266008,1770418690.4985113,0.00011407,0.036
15150,5.325657,5.402061,1770418727.9349911,0.00011368,0.0361
15160,5.348465,5.151398,1770418765.3718662,0.0001133,0.0362
15170,5.236456,5.342796,1770418802.8301024,0.00011292,0.0362
15180,5.460206,5.369669,1770418840.2918725,0.00011254,0.0363
15190,5.34763,5.222269,1770418877.7514672,0.00011216,0.0363
15200,5.530409,5.396576,1770418915.1939058,0.00011178,0.0364
15210,5.538355,5.491057,1770418952.653118,0.0001114,0.0364
15220,5.359094,5.159228,1770418990.085178,0.00011102,0.0364
15230,5.23762,5.271175,1770419027.5512652,0.00011064,0.0365
15240,5.273817,5.601019,1770419064.9862115,0.00011027,0.0365
15250,5.290453,5.108535,1770419102.4481046,0.00010989,0.0365
15260,5.25923,5.363422,1770419139.8820846,0.00010951,0.0366
15270,5.550976,5.357212,1770419177.339358,0.00010914,0.0366
15280,5.269324,5.423861,1770419214.791576,0.00010876,0.0366
15290,5.24692,5.085384,1770419252.2535217,0.00010839,0.0366
15300,5.303432,5.887784,1770419289.6893632,0.00010802,0.0366
15310,5.302466,5.420614,1770419327.1530993,0.00010764,0.0366
15320,5.4273,5.490957,1770419364.5905638,0.00010727,0.0366
15330,5.449514,5.305738,1770419402.062749,0.0001069,0.0367
15340,5.238085,5.195204,1770419439.502677,0.00010653,0.0367
15350,5.218889,5.406988,1770419476.9613943,0.00010616,0.0367
15360,5.257887,5.554433,1770419514.4040215,0.00010579,0.0367
15370,5.434372,5.441878,1770419551.8530667,0.00010542,0.0367
15380,5.3697,5.596226,1770419589.2924085,0.00010505,0.0367
15390,5.373745,5.619102,1770419626.7531855,0.00010468,0.0367
15400,5.353321,5.326085,1770419664.1919785,0.00010431,0.0367
15410,5.154247,5.320818,1770419701.64914,0.00010395,0.0367
15420,5.323266,5.708322,1770419739.0931375,0.00010358,0.0367
15430,5.324326,5.037399,1770419776.5434532,0.00010321,0.0367
15440,5.425959,5.165543,1770419813.9847093,0.00010285,0.0367
15450,5.503144,5.189517,1770419851.4535837,0.00010248,0.0367
15460,5.269379,5.507044,1770419888.9218276,0.00010212,0.0367
15470,5.15036,5.483262,1770419926.3596735,0.00010176,0.0367
15480,5.520602,5.227911,1770419963.793898,0.00010139,0.0367
15490,4.94344,5.331991,1770420001.2584772,0.00010103,0.0367
15500,5.300945,5.318591,1770420051.4158497,0.00010067,0.0367
15510,5.208033,5.174284,1770420097.0930903,0.00010031,0.0339
15520,5.395148,5.67983,1770420134.5221477,9.995e-05,0.0342
15530,5.513214,4.992835,1770420171.988604,9.959e-05,0.0345
15540,5.42955,5.316476,1770420209.4166615,9.923e-05,0.0347
15550,5.224399,5.391706,1770420246.8744273,9.887e-05,0.0349
15560,5.432779,5.290587,1770420284.3188896,9.852e-05,0.0351
15570,5.197803,5.265528,1770420321.7731526,9.816e-05,0.0353
15580,5.515452,5.214455,1770420359.22006,9.78e-05,0.0354
15590,5.643411,5.224126,1770420396.683246,9.745e-05,0.0355
15600,5.08557,5.45821,1770420434.1229825,9.709e-05,0.0357
15610,5.694464,5.149212,1770420471.594183,9.674e-05,0.0358
15620,5.341513,5.45727,1770420509.0334094,9.639e-05,0.0359
15630,5.409119,5.150481,1770420546.4778874,9.603e-05,0.0359
15640,5.476835,5.150109,1770420583.9277954,9.568e-05,0.036
15650,5.346281,5.137044,1770420621.3765233,9.533e-05,0.0361
15660,5.294971,5.222746,1770420658.8144667,9.498e-05,0.0362
15670,5.244493,5.174406,1770420696.3211665,9.463e-05,0.0362
15680,5.443535,5.457739,1770420733.7268777,9.428e-05,0.0363
15690,5.184126,5.529387,1770420771.187532,9.393e-05,0.0363
15700,5.355161,5.075261,1770420808.6280024,9.358e-05,0.0364
15710,5.219894,5.104715,1770420846.1170063,9.323e-05,0.0364
15720,5.372357,5.316344,1770420883.56387,9.288e-05,0.0365
15730,5.520573,5.287352,1770420921.0307276,9.254e-05,0.0365
15740,5.211428,5.274145,1770420958.4681711,9.219e-05,0.0365
15750,5.144134,5.12629,1770420995.925125,9.185e-05,0.0365
15760,5.394021,5.250354,1770421033.3568964,9.15e-05,0.0366
15770,5.269467,5.509425,1770421070.8275833,9.116e-05,0.0366
15780,5.322431,5.426116,1770421108.2649176,9.081e-05,0.0366
15790,5.455471,5.277051,1770421145.7141764,9.047e-05,0.0366
15800,5.227801,5.260168,1770421183.1639512,9.013e-05,0.0366
15810,5.329255,5.368425,1770421220.6139567,8.979e-05,0.0366
15820,5.513453,5.704618,1770421258.0527918,8.945e-05,0.0366
15830,5.325611,5.316573,1770421295.527445,8.911e-05,0.0367
15840,5.105484,5.303526,1770421332.9392638,8.877e-05,0.0367
15850,5.299878,5.139272,1770421370.3968956,8.843e-05,0.0367
15860,5.429029,5.405033,1770421407.8312268,8.809e-05,0.0367
15870,5.554217,5.582469,1770421445.299759,8.776e-05,0.0367
15880,5.195433,5.621568,1770421482.749666,8.742e-05,0.0367
15890,5.567542,5.712023,1770421520.210991,8.708e-05,0.0367
15900,5.091295,5.360388,1770421557.649414,8.675e-05,0.0367
15910,5.190682,5.683692,1770421595.1035972,8.641e-05,0.0367
15920,5.446177,5.027626,1770421632.5425167,8.608e-05,0.0367
15930,5.277554,5.139119,1770421670.0031686,8.575e-05,0.0367
15940,5.214552,5.697349,1770421707.441322,8.541e-05,0.0367
15950,5.631978,5.469368,1770421744.894652,8.508e-05,0.0367
15960,5.221109,5.506512,1770421782.3371277,8.475e-05,0.0367
15970,5.350787,5.149599,1770421819.7914665,8.442e-05,0.0367
15980,5.16541,5.168634,1770421857.23062,8.409e-05,0.0367
15990,5.173261,5.408979,1770421894.6904664,8.376e-05,0.0367
16000,5.32639,5.315285,1770421944.939626,8.343e-05,0.0367
16010,5.301098,5.256637,1770421990.7063472,8.31e-05,0.0339
16020,5.473384,5.225012,1770422028.1442409,8.278e-05,0.0342
16030,5.187933,5.280872,1770422065.6026864,8.245e-05,0.0345
16040,4.963804,5.393242,1770422103.0450132,8.212e-05,0.0347
16050,5.52619,5.278565,1770422140.497285,8.18e-05,0.0349
16060,5.144849,5.105084,1770422177.9375803,8.148e-05,0.0351
16070,5.437111,5.291283,1770422215.4104042,8.115e-05,0.0353
16080,5.333833,5.786925,1770422252.8429844,8.083e-05,0.0354
16090,5.400049,5.498137,1770422290.309776,8.051e-05,0.0356
16100,5.173393,5.280222,1770422327.746429,8.018e-05,0.0357
16110,5.18472,5.354236,1770422365.2044966,7.986e-05,0.0358
16120,5.403358,5.17862,1770422402.6471064,7.954e-05,0.0359
16130,5.246605,5.040444,1770422440.106753,7.922e-05,0.036
16140,5.392438,5.238292,1770422477.5438907,7.891e-05,0.036
16150,5.040341,5.363102,1770422515.002808,7.859e-05,0.0361
16160,5.157344,5.351805,1770422552.4355545,7.827e-05,0.0362
16170,5.287191,5.688961,1770422589.946019,7.795e-05,0.0362
16180,5.210282,5.260834,1770422627.37652,7.764e-05,0.0363
16190,5.27486,5.192368,1770422664.8464315,7.732e-05,0.0363
16200,5.429284,5.195895,1770422702.2803452,7.701e-05,0.0364
16210,5.030987,5.273356,1770422739.736597,7.669e-05,0.0364
16220,5.379695,5.423859,1770422777.1781385,7.638e-05,0.0364
16230,5.427901,5.279111,1770422814.6360936,7.607e-05,0.0365
16240,5.199217,4.56614,1770422852.072445,7.576e-05,0.0365
16250,5.309432,5.465331,1770422889.5232177,7.544e-05,0.0366
16260,5.081271,5.191002,1770422926.9436502,7.513e-05,0.0366
16270,5.436413,5.590961,1770422964.3936515,7.482e-05,0.0366
16280,5.125999,5.286756,1770423001.8228264,7.451e-05,0.0366
16290,5.214929,5.438929,1770423039.2743976,7.421e-05,0.0366
16300,5.565514,5.20402,1770423076.7172008,7.39e-05,0.0367
16310,5.619113,5.319364,1770423114.147679,7.359e-05,0.0367
16320,5.316169,5.195229,1770423151.5923123,7.329e-05,0.0367
16330,5.576531,5.369324,1770423189.0561924,7.298e-05,0.0367
16340,5.256418,5.891282,1770423226.5000732,7.268e-05,0.0367
16350,5.339188,4.954264,1770423263.96362,7.237e-05,0.0367
16360,5.325689,5.248196,1770423301.400861,7.207e-05,0.0367
16370,5.287024,5.461284,1770423338.8584445,7.177e-05,0.0367
16380,5.315423,5.419086,1770423376.2907617,7.146e-05,0.0367
16390,5.642859,6.080858,1770423413.7491908,7.116e-05,0.0367
16400,5.425394,5.513756,1770423451.183102,7.086e-05,0.0367
16410,5.25655,4.989515,1770423488.6497023,7.056e-05,0.0367
16420,5.077021,5.34675,1770423526.0967934,7.026e-05,0.0367
16430,5.25856,5.271452,1770423563.5710137,6.997e-05,0.0367
16440,5.32203,5.300673,1770423601.0063074,6.967e-05,0.0367
16450,5.296168,5.543156,1770423638.458806,6.937e-05,0.0367
16460,5.457897,5.344689,1770423675.9063826,6.908e-05,0.0367
16470,5.317982,5.13787,1770423713.3581123,6.878e-05,0.0367
16480,5.357987,5.534688,1770423750.792952,6.849e-05,0.0367
16490,5.403643,5.395422,1770423788.2633314,6.819e-05,0.0367
16500,5.28311,5.33064,1770423838.566388,6.79e-05,0.0367
16510,5.414498,5.356225,1770423884.162026,6.761e-05,0.0339
16520,5.153135,5.429319,1770423921.603889,6.731e-05,0.0342
16530,5.707369,5.315314,1770423959.0598834,6.702e-05,0.0345
16540,5.142143,5.339718,1770423996.4946327,6.673e-05,0.0347
16550,5.459715,4.896867,1770424033.950853,6.644e-05,0.0349
16560,5.057861,5.463432,1770424071.3955142,6.615e-05,0.0351
16570,5.477024,5.535933,1770424108.8555071,6.587e-05,0.0353
16580,5.110046,5.202241,1770424146.3059309,6.558e-05,0.0354
16590,4.969535,5.428042,1770424183.8488271,6.529e-05,0.0355
16600,5.277748,5.300694,1770424221.283681,6.501e-05,0.0357
16610,5.182559,5.078724,1770424258.7394836,6.472e-05,0.0358
16620,5.448662,5.400778,1770424296.1777222,6.444e-05,0.0359
16630,5.170931,5.34346,1770424333.632112,6.415e-05,0.036
16640,5.284188,5.810925,1770424371.065872,6.387e-05,0.036
16650,5.188527,5.323532,1770424408.5237124,6.359e-05,0.0361
16660,4.926046,5.244208,1770424445.9618068,6.331e-05,0.0362
16670,5.225976,5.61658,1770424483.4431362,6.303e-05,0.0362
16680,5.444058,5.546565,1770424520.8809578,6.275e-05,0.0363
16690,5.559618,5.255162,1770424558.341263,6.247e-05,0.0363
16700,5.119469,5.158484,1770424595.799936,6.219e-05,0.0364
16710,5.409359,5.537691,1770424633.2587428,6.191e-05,0.0364
16720,5.321865,5.263879,1770424670.695247,6.163e-05,0.0364
16730,5.325342,5.513127,1770424708.1562655,6.136e-05,0.0365
16740,4.973653,5.668146,1770424745.5955184,6.108e-05,0.0365
16750,5.447695,5.123678,1770424784.1625092,6.081e-05,0.0362
16760,4.944432,5.352626,1770424821.7615142,6.053e-05,0.0363
16770,5.297638,5.431687,1770424859.2185483,6.026e-05,0.0363
16780,5.028383,5.500353,1770424896.6534903,5.999e-05,0.0364
16790,5.153646,5.21903,1770424934.1130514,5.972e-05,0.0364
16800,5.167629,5.424995,1770424971.5556786,5.945e-05,0.0364
16810,5.361536,5.52718,1770425009.019129,5.918e-05,0.0365
16820,5.2017,5.7025,1770425046.4540896,5.891e-05,0.0365
16830,5.404738,5.340941,1770425083.9104495,5.864e-05,0.0365
16840,5.146568,5.484529,1770425121.393514,5.837e-05,0.0366
16850,5.327074,5.325292,1770425158.8401554,5.81e-05,0.0366
16860,5.155332,5.345003,1770425196.2764304,5.784e-05,0.0366
16870,5.360958,5.134876,1770425233.7393825,5.757e-05,0.0366
16880,5.200859,5.254704,1770425271.1856136,5.731e-05,0.0366
16890,5.395268,5.375627,1770425308.6482596,5.704e-05,0.0366
16900,5.406511,5.013717,1770425346.0756052,5.678e-05,0.0366
16910,5.439946,5.486914,1770425383.5370784,5.652e-05,0.0367
16920,5.383437,5.42854,1770425420.9767416,5.625e-05,0.0367
16930,5.112044,5.285831,1770425458.4418445,5.599e-05,0.0367
16940,5.411108,5.073747,1770425495.8853686,5.573e-05,0.0367
16950,5.472614,5.179746,1770425533.3401134,5.547e-05,0.0367
16960,5.52205,5.38349,1770425570.7767942,5.521e-05,0.0367
16970,5.572337,5.348467,1770425608.2333755,5.496e-05,0.0367
16980,5.550951,5.132074,1770425645.6890116,5.47e-05,0.0367
16990,5.218047,5.516926,1770425683.1519074,5.444e-05,0.0367
17000,5.30504,5.313077,1770425733.3432393,5.419e-05,0.0367
17010,5.268435,5.122836,1770425779.4226005,5.393e-05,0.0339
17020,5.21522,5.299742,1770425816.8660483,5.368e-05,0.0342
17030,5.136015,5.444983,1770425854.3233533,5.343e-05,0.0344
17040,5.578539,5.322421,1770425891.760072,5.317e-05,0.0347
17050,5.328891,5.703318,1770425929.2163403,5.292e-05,0.0349
17060,5.398544,5.343996,1770425966.6525972,5.267e-05,0.0351
17070,5.29864,5.135891,1770426004.1168978,5.242e-05,0.0353
17080,5.356135,5.061679,1770426041.561288,5.217e-05,0.0354
17090,5.430577,4.971736,1770426079.0154393,5.192e-05,0.0356
17100,5.267307,5.253145,1770426116.455056,5.167e-05,0.0357
17110,5.186735,5.55295,1770426153.9168122,5.143e-05,0.0358
17120,5.302492,5.283742,1770426191.3754818,5.118e-05,0.0359
17130,5.364539,5.122238,1770426228.8392885,5.093e-05,0.036
17140,5.312857,5.443787,1770426266.2747526,5.069e-05,0.0361
17150,5.109586,5.108006,1770426303.735398,5.045e-05,0.0361
17160,5.229078,5.245428,1770426341.192854,5.02e-05,0.0362
17170,5.317072,5.319831,1770426378.6456065,4.996e-05,0.0363
17180,5.624664,5.362745,1770426416.085713,4.972e-05,0.0363
17190,5.254852,5.247327,1770426453.5521572,4.948e-05,0.0364
17200,5.212442,5.214634,1770426490.9928565,4.924e-05,0.0364
17210,5.266907,5.222291,1770426528.4438934,4.9e-05,0.0364
17220,5.205666,5.216936,1770426565.8800268,4.876e-05,0.0365
17230,5.130776,5.435741,1770426603.3313932,4.852e-05,0.0365
17240,5.048091,5.078572,1770426640.7778635,4.829e-05,0.0365
17250,4.795596,5.251492,1770426678.244156,4.805e-05,0.0365
17260,5.421373,5.301954,1770426715.6782837,4.781e-05,0.0366
17270,5.451752,5.193884,1770426753.1399274,4.758e-05,0.0366
17280,5.57584,5.335949,1770426790.5832686,4.735e-05,0.0366
17290,5.232078,5.301923,1770426828.042418,4.711e-05,0.0366
17300,5.306546,5.505858,1770426865.4860709,4.688e-05,0.0366
17310,5.139435,5.308471,1770426902.950323,4.665e-05,0.0367
17320,4.964292,5.158585,1770426940.3906062,4.642e-05,0.0367
17330,5.407049,5.374178,1770426977.8617942,4.619e-05,0.0367
17340,5.151694,5.56082,1770427015.3029263,4.596e-05,0.0367
17350,5.244313,5.176327,1770427052.7534654,4.573e-05,0.0367
17360,5.359402,4.984725,1770427090.1926827,4.55e-05,0.0367
17370,5.293342,5.112743,1770427127.6606712,4.528e-05,0.0367
17380,5.214069,4.988452,1770427165.100751,4.505e-05,0.0367
17390,5.109366,5.40973,1770427202.5507815,4.483e-05,0.0367
17400,5.088131,5.077278,1770427239.9944243,4.46e-05,0.0367
17410,5.47583,5.202692,1770427277.449955,4.438e-05,0.0367
17420,5.191795,5.241413,1770427314.8919845,4.416e-05,0.0367
17430,5.439729,5.189572,1770427352.3495655,4.393e-05,0.0367
17440,5.098712,5.469291,1770427389.7883818,4.371e-05,0.0367
17450,5.27261,5.341152,1770427427.3025427,4.349e-05,0.0367
17460,5.38913,5.07515,1770427464.7245207,4.327e-05,0.0367
17470,5.265648,5.348637,1770427502.1875458,4.306e-05,0.0367
17480,5.273134,5.215873,1770427539.62801,4.284e-05,0.0367
17490,5.594353,5.17738,1770427577.0821865,4.262e-05,0.0367
17500,5.265463,5.331915,1770427627.4007332,4.24e-05,0.0367
17510,5.294688,5.28203,1770427673.194489,4.219e-05,0.0339
17520,5.435406,5.253029,1770427710.630702,4.198e-05,0.0342
17530,5.283815,5.38648,1770427748.0906928,4.176e-05,0.0345
17540,5.489771,5.128629,1770427785.5313532,4.155e-05,0.0347
17550,5.294267,5.384558,1770427822.9917607,4.134e-05,0.0349
17560,5.32552,5.346782,1770427860.4267266,4.113e-05,0.0351
17570,5.391237,5.497809,1770427897.8836632,4.091e-05,0.0353
17580,5.199048,5.403925,1770427935.338019,4.07e-05,0.0354
17590,5.388535,5.299067,1770427972.8183663,4.05e-05,0.0356
17600,5.254496,5.188995,1770428010.2498674,4.029e-05,0.0357
17610,5.168608,5.199598,1770428047.71377,4.008e-05,0.0358
17620,5.284899,5.147694,1770428085.1446047,3.987e-05,0.0359
17630,5.307243,5.691064,1770428122.6127312,3.967e-05,0.036
17640,5.421595,5.292234,1770428160.0747182,3.946e-05,0.036
17650,5.18675,5.354211,1770428197.5244987,3.926e-05,0.0361
17660,5.143034,5.342092,1770428234.956946,3.906e-05,0.0362
17670,5.234537,5.235326,1770428272.4133806,3.885e-05,0.0362
17680,5.208835,5.341539,1770428309.861981,3.865e-05,0.0363
17690,5.56096,5.266246,1770428347.3191998,3.845e-05,0.0364
17700,5.127666,5.350095,1770428384.7585757,3.825e-05,0.0364
17710,5.610342,5.452165,1770428422.227147,3.805e-05,0.0364
17720,5.285771,5.291081,1770428459.6691637,3.786e-05,0.0365
17730,5.287666,5.501838,1770428497.1265728,3.766e-05,0.0365
17740,5.283906,5.409466,1770428534.5670614,3.746e-05,0.0365
17750,5.163774,5.668224,1770428572.0237732,3.727e-05,0.0366
17760,5.030232,5.514685,1770428609.472241,3.707e-05,0.0366
17770,5.34671,5.342065,1770428646.9274232,3.688e-05,0.0366
17780,5.217171,5.690092,1770428684.3737247,3.668e-05,0.0366
17790,5.430513,5.101288,1770428721.8323867,3.649e-05,0.0366
17800,5.3847,5.144991,1770428759.2645917,3.63e-05,0.0366
17810,5.20343,5.213086,1770428796.7280872,3.611e-05,0.0366
17820,5.16999,5.423125,1770428834.1686275,3.592e-05,0.0367
17830,5.068323,5.598713,1770428871.625365,3.573e-05,0.0367
17840,5.414957,5.011429,1770428909.068387,3.554e-05,0.0367
17850,5.044825,5.042567,1770428946.5333383,3.535e-05,0.0367
17860,5.492986,5.608179,1770428983.9689145,3.517e-05,0.0367
17870,5.32587,5.31862,1770429021.4338374,3.498e-05,0.0367
17880,5.293785,5.356097,1770429058.868326,3.48e-05,0.0367
17890,5.229055,5.159352,1770429096.3377974,3.461e-05,0.0367
17900,5.354957,5.272548,1770429133.7761812,3.443e-05,0.0367
17910,5.175958,5.306452,1770429171.2360926,3.425e-05,0.0367
17920,5.220014,5.328996,1770429208.6699967,3.406e-05,0.0367
17930,5.095903,5.116346,1770429246.166845,3.388e-05,0.0367
17940,5.247149,5.496508,1770429283.616064,3.37e-05,0.0367
17950,5.382734,5.249062,1770429321.0726953,3.352e-05,0.0367
17960,5.403609,5.286198,1770429358.5215733,3.335e-05,0.0367
17970,5.221414,5.500605,1770429395.9759753,3.317e-05,0.0368
17980,5.199645,5.153959,1770429433.4163132,3.299e-05,0.0368
17990,5.279967,5.252973,1770429470.8797593,3.281e-05,0.0368
18000,5.316215,5.361356,1770429520.9866138,3.264e-05,0.0368
18010,5.153829,5.295842,1770429566.6647336,3.247e-05,0.0339
18020,5.229176,5.472248,1770429604.1043518,3.229e-05,0.0342
18030,5.218026,5.588552,1770429641.5563984,3.212e-05,0.0345
18040,5.392914,5.455635,1770429678.9960258,3.195e-05,0.0347
18050,5.211479,5.481856,1770429716.453814,3.178e-05,0.0349
18060,5.131871,5.337494,1770429753.895862,3.161e-05,0.0351
18070,5.693533,5.306058,1770429791.3597372,3.144e-05,0.0352
18080,4.988542,5.258556,1770429828.7952452,3.127e-05,0.0354
18090,5.268081,5.388348,1770429866.264106,3.11e-05,0.0355
18100,5.127315,5.171264,1770429903.7052798,3.094e-05,0.0356
18110,5.146363,5.312755,1770429941.1634305,3.077e-05,0.0357
18120,5.388865,5.110238,1770429978.604721,3.061e-05,0.0359
18130,5.11187,5.340712,1770430016.0628457,3.044e-05,0.0359
18140,5.307192,5.073249,1770430053.5044374,3.028e-05,0.036
18150,5.513281,5.305029,1770430090.98965,3.012e-05,0.0361
18160,5.409585,5.223139,1770430128.4366546,2.995e-05,0.0362
18170,5.295349,5.08348,1770430165.8977408,2.979e-05,0.0362
18180,5.226164,5.283511,1770430203.336283,2.963e-05,0.0363
18190,5.422527,5.578768,1770430240.795388,2.947e-05,0.0363
18200,5.559408,5.394596,1770430278.2413776,2.932e-05,0.0364
18210,5.520037,5.354042,1770430315.6934676,2.916e-05,0.0364
18220,5.405738,5.307537,1770430353.1391714,2.9e-05,0.0365
18230,5.137577,5.214251,1770430390.596171,2.885e-05,0.0365
18240,5.275247,5.326859,1770430428.031973,2.869e-05,0.0365
18250,5.344841,5.210562,1770430465.4881723,2.854e-05,0.0365
18260,5.330757,5.353158,1770430502.9307437,2.838e-05,0.0366
18270,5.321303,5.412254,1770430540.3929937,2.823e-05,0.0366
18280,4.841515,5.364527,1770430577.833109,2.808e-05,0.0366
18290,5.475985,5.033255,1770430615.291131,2.793e-05,0.0366
18300,5.231744,5.983037,1770430652.728638,2.778e-05,0.0366
18310,5.236335,5.050532,1770430690.1856842,2.763e-05,0.0366
18320,5.372948,5.229485,1770430727.6303086,2.748e-05,0.0367
18330,5.365315,5.159737,1770430765.0822296,2.734e-05,0.0367
18340,5.050399,5.28206,1770430802.5277717,2.719e-05,0.0367
18350,5.331134,5.223333,1770430839.9990315,2.705e-05,0.0367
18360,4.976195,5.199338,1770430877.4297235,2.69e-05,0.0367
18370,5.333159,5.330112,1770430914.894002,2.676e-05,0.0367
18380,4.994121,5.56021,1770430952.323169,2.661e-05,0.0367
18390,5.592558,5.161164,1770430989.7884984,2.647e-05,0.0367
18400,5.464888,5.279488,1770431027.2193537,2.633e-05,0.0367
18410,5.36669,5.21848,1770431064.687898,2.619e-05,0.0367
18420,5.23263,5.210096,1770431102.1203868,2.605e-05,0.0367
18430,5.203276,5.560644,1770431139.5785284,2.591e-05,0.0367
18440,5.288878,5.173148,1770431177.0134296,2.577e-05,0.0367
18450,5.484281,5.299545,1770431214.4788992,2.564e-05,0.0367
18460,5.462188,5.221256,1770431251.9179935,2.55e-05,0.0367
18470,5.100752,5.469423,1770431289.3863108,2.537e-05,0.0367
18480,5.395387,5.69582,1770431326.8220787,2.523e-05,0.0368
18490,5.477604,5.172038,1770431364.2868526,2.51e-05,0.0368
18500,5.295735,5.341323,1770431414.4658585,2.497e-05,0.0368
18510,5.627119,5.774681,1770431460.433308,2.483e-05,0.034
18520,5.129224,5.197738,1770431497.875599,2.47e-05,0.0342
18530,5.095962,5.486576,1770431535.37333,2.457e-05,0.0345
18540,5.056155,5.432757,1770431572.8025184,2.445e-05,0.0347
18550,5.26139,5.783566,1770431610.2546089,2.432e-05,0.0349
18560,5.096022,5.301676,1770431647.6941032,2.419e-05,0.0351
18570,5.358889,5.234459,1770431685.1528232,2.406e-05,0.0353
18580,5.300676,5.204985,1770431722.600058,2.394e-05,0.0354
18590,4.873183,5.212162,1770431760.0685604,2.381e-05,0.0356
18600,5.418479,5.343334,1770431797.5009274,2.369e-05,0.0357
18610,5.160922,5.234487,1770431834.9977767,2.357e-05,0.0358
18620,5.303463,6.08192,1770431872.4353995,2.344e-05,0.0359
18630,5.165135,5.326113,1770431909.893004,2.332e-05,0.036
18640,5.180601,5.316854,1770431947.3379395,2.32e-05,0.036
18650,5.352024,5.281068,1770431984.7977347,2.308e-05,0.0361
18660,5.282652,5.483438,1770432022.230102,2.296e-05,0.0362
18670,5.285121,5.43199,1770432060.4526913,2.285e-05,0.0362
18680,5.497209,5.139497,1770432097.8871613,2.273e-05,0.0363
18690,5.231851,5.40601,1770432135.3436968,2.261e-05,0.0363
18700,5.141169,5.13276,1770432172.7757814,2.25e-05,0.0364
18710,5.366337,5.604248,1770432210.23914,2.238e-05,0.0364
18720,5.447782,5.128071,1770432247.6763153,2.227e-05,0.0365
18730,5.660579,5.208495,1770432285.133218,2.216e-05,0.0365
18740,5.373055,5.034043,1770432322.5766492,2.204e-05,0.0365
18750,5.534545,5.206127,1770432360.0428712,2.193e-05,0.0365
18760,5.299085,5.312073,1770432397.4781384,2.182e-05,0.0366
18770,5.416327,5.259369,1770432434.943493,2.171e-05,0.0366
18780,5.238726,5.154753,1770432472.4060996,2.161e-05,0.0366
18790,5.317084,5.151105,1770432509.8617234,2.15e-05,0.0366
18800,5.399153,5.140257,1770432547.2983265,2.139e-05,0.0366
18810,5.719916,5.201169,1770432584.7614305,2.129e-05,0.0367
18820,5.503638,5.155888,1770432622.190802,2.118e-05,0.0367
18830,5.252456,5.205053,1770432659.7114637,2.108e-05,0.0367
18840,5.386709,5.224226,1770432697.1336346,2.097e-05,0.0367
18850,5.533543,5.492648,1770432734.5940757,2.087e-05,0.0367
18860,5.258711,5.339129,1770432772.033414,2.077e-05,0.0367
18870,5.166811,5.423409,1770432809.483683,2.067e-05,0.0367
18880,5.111744,5.100395,1770432846.9236856,2.057e-05,0.0367
18890,5.316241,5.126455,1770432884.3910632,2.047e-05,0.0367
18900,5.325455,5.123992,1770432921.8245037,2.037e-05,0.0367
18910,5.223596,5.303531,1770432959.284234,2.028e-05,0.0367
18920,5.357481,5.150113,1770432996.7326732,2.018e-05,0.0367
18930,5.045115,5.294417,1770433034.1887336,2.009e-05,0.0367
18940,5.074179,5.260021,1770433071.638436,1.999e-05,0.0367
18950,5.367445,5.620326,1770433109.0919902,1.99e-05,0.0367
18960,5.460137,5.406626,1770433146.5384984,1.981e-05,0.0367
18970,5.294659,5.336949,1770433184.0056262,1.971e-05,0.0367
18980,5.332391,5.353622,1770433221.4386196,1.962e-05,0.0367
18990,5.377361,5.32175,1770433258.9013202,1.953e-05,0.0367
19000,5.28756,5.359926,1770433309.046906,1.944e-05,0.0367
19010,5.212215,5.121888,1770433354.5043428,1.936e-05,0.0339
19020,5.177043,5.124253,1770433391.957939,1.927e-05,0.0342
19030,5.378124,5.115214,1770433429.4224756,1.918e-05,0.0345
19040,5.608265,5.308756,1770433466.8575542,1.91e-05,0.0347
19050,5.048746,5.29304,1770433504.3156755,1.901e-05,0.0349
19060,5.238142,5.189978,1770433541.752345,1.893e-05,0.0351
19070,5.425084,5.221187,1770433579.2177012,1.884e-05,0.0353
19080,5.163319,5.329945,1770433616.6589537,1.876e-05,0.0354
19090,5.303887,5.89189,1770433654.115747,1.868e-05,0.0355
19100,5.338687,5.276481,1770433691.5691118,1.86e-05,0.0357
19110,5.51849,5.321165,1770433729.030854,1.852e-05,0.0358
19120,5.515921,5.039458,1770433766.4804842,1.844e-05,0.0359
19130,5.478274,5.348257,1770433803.939818,1.837e-05,0.036
19140,5.186212,5.350089,1770433841.3770604,1.829e-05,0.036
19150,5.443701,5.092352,1770433878.8433735,1.821e-05,0.0361
19160,5.493609,5.150422,1770433916.284171,1.814e-05,0.0361
19170,5.374977,5.710865,1770433953.739409,1.806e-05,0.0362
19180,5.324261,5.450137,1770433991.1816256,1.799e-05,0.0363
19190,5.415208,5.359621,1770434028.652156,1.792e-05,0.0363
19200,5.247003,5.320841,1770434066.092554,1.785e-05,0.0364
19210,5.680144,5.454,1770434103.5546932,1.778e-05,0.0364
19220,5.425629,5.028326,1770434140.9933844,1.771e-05,0.0364
19230,5.46093,5.288782,1770434178.4555235,1.764e-05,0.0365
19240,5.342075,5.361046,1770434215.897411,1.757e-05,0.0365
19250,5.540047,5.270234,1770434253.3564017,1.75e-05,0.0365
19260,5.335717,5.392927,1770434290.7958329,1.744e-05,0.0366
19270,5.326919,5.257013,1770434328.2550774,1.737e-05,0.0366
19280,5.483668,5.54658,1770434365.698892,1.731e-05,0.0366
19290,5.120795,5.301031,1770434403.1528032,1.724e-05,0.0366
19300,5.111827,5.037915,1770434440.5973942,1.718e-05,0.0366
19310,5.46891,5.957433,1770434478.051804,1.712e-05,0.0366
19320,5.534311,5.747561,1770434515.4944248,1.706e-05,0.0367
19330,5.572228,5.529611,1770434552.9544308,1.7e-05,0.0367
19340,5.344725,5.369907,1770434590.4001956,1.694e-05,0.0367
19350,5.337099,5.30494,1770434627.86835,1.688e-05,0.0367
19360,5.323966,5.453899,1770434665.2986083,1.682e-05,0.0367
19370,5.248761,5.05279,1770434702.766766,1.677e-05,0.0367
19380,5.333623,5.197365,1770434740.2356992,1.671e-05,0.0367
19390,5.16927,5.60955,1770434777.6768787,1.666e-05,0.0367
19400,5.270174,5.191022,1770434815.120071,1.66e-05,0.0367
19410,5.459132,5.425035,1770434852.583308,1.655e-05,0.0367
19420,5.320729,5.354582,1770434890.0219362,1.65e-05,0.0367
19430,5.041015,5.542621,1770434927.5056543,1.645e-05,0.0367
19440,5.492263,5.230518,1770434964.9295654,1.64e-05,0.0367
19450,5.41641,5.154932,1770435002.3880074,1.635e-05,0.0367
19460,5.233147,5.539177,1770435039.8548052,1.63e-05,0.0367
19470,5.051894,5.25841,1770435077.3136797,1.625e-05,0.0367
19480,5.436639,5.195311,1770435114.7648015,1.62e-05,0.0367
19490,5.494494,5.385401,1770435152.2244549,1.616e-05,0.0367
19500,5.311746,5.282941,1770435202.33538,1.611e-05,0.0367
19510,5.142434,4.97223,1770435247.8899686,1.607e-05,0.034
19520,5.421795,5.417554,1770435285.3254695,1.603e-05,0.0342
19530,5.360181,5.461138,1770435322.77923,1.598e-05,0.0345
19540,4.812448,5.214238,1770435360.2278335,1.594e-05,0.0347
19550,5.196244,5.244111,1770435397.6795242,1.59e-05,0.0349
19560,5.124297,5.569273,1770435435.1223123,1.586e-05,0.0351
19570,5.246615,5.179431,1770435472.5767975,1.582e-05,0.0353
19580,5.339321,5.452307,1770435510.0168295,1.579e-05,0.0354
19590,5.251691,5.305086,1770435547.4826686,1.575e-05,0.0356
19600,4.976779,5.490674,1770435584.9226055,1.571e-05,0.0357
19610,4.864324,5.437273,1770435622.3918662,1.568e-05,0.0358
19620,5.271931,5.320317,1770435659.8235042,1.564e-05,0.0359
19630,5.512337,5.267406,1770435697.279597,1.561e-05,0.036
19640,5.111104,5.656172,1770435734.7649767,1.558e-05,0.036
19650,5.672667,5.254048,1770435772.2070515,1.555e-05,0.0361
19660,5.53398,5.212682,1770435809.6448886,1.551e-05,0.0362
19670,5.423567,5.233198,1770435847.113171,1.549e-05,0.0362
19680,5.070505,5.340482,1770435884.54955,1.546e-05,0.0363
19690,5.228481,5.263378,1770435922.013789,1.543e-05,0.0363
19700,5.356396,5.380379,1770435959.4522293,1.54e-05,0.0364
19710,5.166126,5.599712,1770435996.9877307,1.537e-05,0.0364
19720,5.400917,5.189342,1770436034.4212627,1.535e-05,0.0365
19730,5.297878,5.254303,1770436071.8797562,1.532e-05,0.0365
19740,5.311873,5.446098,1770436109.3166962,1.53e-05,0.0365
19750,5.272443,5.11203,1770436146.7756631,1.528e-05,0.0365
19760,5.301909,5.621218,1770436184.2155347,1.526e-05,0.0366
19770,5.122011,5.257031,1770436221.6788895,1.524e-05,0.0366
19780,5.347187,5.2948,1770436259.1291203,1.522e-05,0.0366
19790,5.138687,5.115824,1770436296.5877633,1.52e-05,0.0366
19800,5.279861,5.619683,1770436334.024264,1.518e-05,0.0366
19810,5.349252,5.231166,1770436371.492265,1.516e-05,0.0366
19820,5.112383,5.307577,1770436408.932281,1.514e-05,0.0366
19830,5.160142,5.192696,1770436446.3824844,1.513e-05,0.0367
19840,5.396015,5.181799,1770436483.8264716,1.511e-05,0.0367
19850,5.638138,5.187685,1770436521.2925737,1.51e-05,0.0367
19860,5.392691,5.126219,1770436558.723796,1.509e-05,0.0367
19870,4.814789,5.468645,1770436596.1855783,1.508e-05,0.0367
19880,5.306973,5.30795,1770436633.6321738,1.506e-05,0.0367
19890,5.42873,5.639251,1770436671.0784886,1.505e-05,0.0367
19900,5.308952,5.359869,1770436708.520619,1.504e-05,0.0367
19910,5.186933,5.194695,1770436745.9847305,1.504e-05,0.0367
19920,5.515051,5.488837,1770436783.404169,1.503e-05,0.0367
19930,5.483348,5.262426,1770436820.8842292,1.502e-05,0.0367
19940,5.266544,5.106162,1770436858.323638,1.502e-05,0.0367
19950,5.124876,5.250813,1770436895.7745829,1.501e-05,0.0367
19960,5.174772,5.046239,1770436933.2137842,1.501e-05,0.0367
19970,5.393282,5.211967,1770436970.6740086,1.5e-05,0.0368
19980,5.50979,5.384239,1770437008.1115403,1.5e-05,0.0368
19990,5.166572,5.125963,1770437045.5780015,1.5e-05,0.0368
20000,5.290501,5.311285,1770437096.2608595,1.5e-05,0.0368
20001,5.2772,5.337686,1770437121.3488517,1.5e-05,0.0336
