iteration,train_loss,val_loss,timestamp,lr,mfu
0,10.9796,10.976262,1770455820,3.00E-06,-1
10,10.6422,10.631429,1770455876,3.30E-05,-1
20,10.1029,10.173839,1770455914,6.30E-05,0.0359
30,9.6971,9.780177,1770455951,9.30E-05,0.0359
40,9.6361,9.757831,1770455988,0.00012294,0.0359
50,9.4784,9.410968,1770456025,0.00015292,0.0359
60,9.2822,9.087176,1770456063,0.00018291,0.0359
70,9.321,8.941546,1770456100,0.00021289,0.0359
80,9.0114,8.891623,1770456137,0.00024288,0.0359
90,8.7401,8.794117,1770456174,0.00027286,0.0359
100,8.7012,8.878558,1770456212,0.00030285,0.0359
110,8.67,8.833528,1770456249,0.00033283,0.0359
120,8.2879,8.517644,1770456286,0.00036282,0.0359
130,8.5885,8.562122,1770456323,0.0003928,0.0359
140,8.2636,8.369573,1770456361,0.00042279,0.0359
150,8.0698,7.9839,1770456398,0.00045277,0.0359
160,7.5829,8.073423,1770456435,0.00048276,0.0359
170,7.825,7.713433,1770456473,0.00051274,0.0359
180,7.6243,7.796341,1770456510,0.00054273,0.0359
190,8.3169,7.840046,1770456547,0.00057271,0.0359
200,7.0527,7.359095,1770456584,0.0006027,0.0359
210,7.4272,7.265099,1770456622,0.00063268,0.0359
220,7.0869,7.247063,1770456659,0.00066267,0.0359
230,7.048,6.951611,1770456696,0.00069265,0.0359
240,7.1072,7.448164,1770456733,0.00072264,0.0359
250,7.1177,7.403959,1770456771,0.00075262,0.0359
260,7.0051,6.973837,1770456808,0.00078261,0.0359
270,6.9804,7.18817,1770456845,0.00081259,0.0359
280,6.9527,7.167922,1770456882,0.00084258,0.0359
290,6.9592,6.724053,1770456920,0.00087256,0.0359
300,6.7148,7.102398,1770456957,0.00090255,0.0359
310,6.5891,6.561768,1770456994,0.00093253,0.0358
320,6.7318,6.492876,1770457032,0.00096252,0.0358
330,6.5171,6.916305,1770457069,0.0009925,0.0358
340,6.7992,6.758811,1770457106,0.00102249,0.0358
350,6.6467,6.387015,1770457143,0.00105247,0.0358
360,6.5984,6.707802,1770457181,0.00108246,0.0358
370,6.3411,6.587024,1770457218,0.00111244,0.0358
380,6.2876,6.296545,1770457255,0.00114243,0.0358
390,6.9847,6.670479,1770457292,0.00117241,0.0358
400,6.3799,6.394132,1770457330,0.0012024,0.0358
410,6.7479,6.211177,1770457367,0.00123238,0.0358
420,6.5379,6.600754,1770457404,0.00126237,0.0358
430,6.6205,6.608783,1770457442,0.00129235,0.0358
440,6.4009,6.402081,1770457479,0.00132234,0.0358
450,6.5471,6.54921,1770457516,0.00135232,0.0359
460,6.3878,6.149328,1770457553,0.00138231,0.0359
470,6.3126,6.179625,1770457591,0.00141229,0.0359
480,6.4843,6.078001,1770457628,0.00144228,0.0359
490,6.3074,5.763601,1770457665,0.00147226,0.0359
500,6.421,6.241976,1770457719,0.00150225,0.0359
510,6.3056,6.422526,1770457759,0.00153223,0.0329
520,6.2955,6.27433,1770457796,0.00156222,0.0332
530,6.1463,6.682237,1770457834,0.0015922,0.0334
540,6.4261,6.419264,1770457871,0.00162219,0.0337
550,6.2216,5.935803,1770457908,0.00165217,0.0339
560,6.0648,6.155046,1770457946,0.00168216,0.0341
570,6.2508,6.129178,1770457983,0.00171214,0.0343
580,5.8959,6.333182,1770458020,0.00174213,0.0344
590,6.0586,6.059105,1770458057,0.00177211,0.0346
600,6.4014,5.806955,1770458095,0.0018021,0.0347
610,6.3589,6.006892,1770458132,0.00183208,0.0348
620,6.3557,5.901379,1770458169,0.00186207,0.0349
630,5.8885,5.695135,1770458207,0.00189205,0.035
640,6.1412,5.871324,1770458244,0.00192204,0.0351
650,5.6319,5.804867,1770458281,0.00195202,0.0352
660,5.9259,5.903751,1770458318,0.00198201,0.0352
670,5.9933,6.386623,1770458356,0.00201199,0.0353
680,6.0878,5.813782,1770458393,0.00204198,0.0354
690,5.7935,5.905697,1770458430,0.00207196,0.0354
700,6.0514,6.171659,1770458468,0.00210195,0.0355
710,5.8741,5.874814,1770458505,0.00213193,0.0355
720,6.1539,5.833732,1770458542,0.00216192,0.0355
730,5.4142,5.744873,1770458579,0.0021919,0.0356
740,5.5925,5.682095,1770458617,0.00222189,0.0356
750,5.884,5.473999,1770458654,0.00225187,0.0356
760,5.7608,6.138428,1770458691,0.00228186,0.0357
770,5.8189,5.605393,1770458729,0.00231184,0.0357
780,5.5281,5.771772,1770458766,0.00234183,0.0357
790,5.6671,5.904988,1770458803,0.00237181,0.0357
800,5.6086,5.614393,1770458840,0.0024018,0.0357
810,5.86,5.83383,1770458878,0.00243178,0.0357
820,5.5607,5.92241,1770458915,0.00246177,0.0357
830,5.3411,5.727695,1770458952,0.00249175,0.0357
840,5.6612,5.378418,1770458990,0.00252174,0.0358
850,5.6852,5.421358,1770459027,0.00255172,0.0358
860,5.5475,5.536591,1770459064,0.00258171,0.0358
870,5.8745,5.590464,1770459102,0.00261169,0.0358
880,5.4527,5.297619,1770459139,0.00264168,0.0358
890,5.19,5.445626,1770459176,0.00267166,0.0358
900,5.7222,5.809061,1770459213,0.00270165,0.0358
910,5.7518,5.584507,1770459251,0.00273163,0.0358
920,5.6698,5.674789,1770459288,0.00276162,0.0358
930,5.5826,5.712913,1770459325,0.0027916,0.0358
940,5.4464,5.390319,1770459362,0.00282159,0.0358
950,5.9875,5.521905,1770459400,0.00285157,0.0358
960,5.5003,5.384628,1770459437,0.00288156,0.0358
970,5.3001,5.221387,1770459474,0.00291154,0.0358
980,5.3345,5.256424,1770459512,0.00294153,0.0358
990,5.5202,5.451247,1770459549,0.00297151,0.0359
1000,5.4495,5.474716,1770459603,0.0030015,0.0359
1010,5.5612,5.395118,1770459643,0.00303148,0.0329
1020,5.1697,5.628923,1770459680,0.00306147,0.0331
1030,5.0965,5.260797,1770459718,0.00309145,0.0334
1040,5.3969,5.708897,1770459755,0.00312144,0.0337
1050,5.4989,5.326585,1770459792,0.00315142,0.0339
1060,5.463,5.2815,1770459830,0.00318141,0.0341
1070,5.3881,5.529956,1770459867,0.00321139,0.0343
1080,5.3301,5.469619,1770459904,0.00324138,0.0344
1090,5.6141,5.245291,1770459941,0.00327136,0.0346
1100,5.6021,5.152818,1770459979,0.00330135,0.0347
1110,5.2688,5.128778,1770460016,0.00333133,0.0348
1120,5.3454,5.796677,1770460053,0.00336132,0.0349
1130,5.2225,5.229578,1770460091,0.0033913,0.035
1140,5.4342,5.213686,1770460128,0.00342129,0.0351
1150,5.3342,5.556511,1770460165,0.00345127,0.0352
1160,5.3842,5.039106,1770460202,0.00348126,0.0353
1170,5.2349,4.999127,1770460240,0.00351124,0.0353
1180,5.4612,5.526788,1770460277,0.00354123,0.0354
1190,5.3053,5.229114,1770460314,0.00357121,0.0354
1200,5.4972,5.03063,1770460352,0.0036012,0.0355
1210,5.4251,5.272488,1770460389,0.00363118,0.0355
1220,5.2236,5.176669,1770460426,0.00366117,0.0355
1230,5.6326,5.413207,1770460463,0.00369115,0.0356
1240,5.1381,5.537935,1770460501,0.00372114,0.0356
1250,5.2796,5.266427,1770460538,0.00375112,0.0356
1260,5.0153,5.188261,1770460575,0.00378111,0.0357
1270,5.2161,5.647156,1770460613,0.00381109,0.0357
1280,4.9086,4.707218,1770460650,0.00384108,0.0357
1290,5.38,5.289223,1770460687,0.00387106,0.0357
1300,4.8824,5.392629,1770460724,0.00390105,0.0357
1310,5.035,5.168749,1770460762,0.00393103,0.0357
1320,5.1392,4.985216,1770460799,0.00396102,0.0358
1330,5.0646,5.15163,1770460836,0.003991,0.0358
1340,4.9622,4.997984,1770460874,0.00402099,0.0358
1350,5.1694,4.897083,1770460911,0.00405097,0.0358
1360,5.4169,4.919102,1770460948,0.00408096,0.0358
1370,5.217,4.876863,1770460986,0.00411094,0.0358
1380,5.082,4.894263,1770461023,0.00414093,0.0358
1390,5.1443,5.20511,1770461061,0.00417091,0.0356
1400,5.1595,5.036893,1770461098,0.0042009,0.0356
1410,5.1285,4.7188,1770461136,0.00423088,0.0356
1420,4.9593,4.647313,1770461173,0.00426087,0.0356
1430,4.9164,4.852304,1770461210,0.00429085,0.0357
1440,4.8373,5.393225,1770461248,0.00432084,0.0357
1450,4.8485,4.951763,1770461285,0.00435082,0.0357
1460,4.7518,4.596453,1770461322,0.00438081,0.0357
1470,5.0776,5.034447,1770461359,0.00441079,0.0357
1480,4.9818,4.807933,1770461397,0.00444078,0.0358
1490,4.7819,5.114093,1770461434,0.00447076,0.0357
1500,4.8244,5.014324,1770461488,0.00450075,0.0358
1510,4.7801,5.269885,1770461528,0.00453073,0.0328
1520,4.8999,4.801167,1770461566,0.00456072,0.0331
1530,4.9361,4.977587,1770461603,0.0045907,0.0333
1540,5.1791,4.753395,1770461640,0.00462069,0.0336
1550,4.873,5.019797,1770461678,0.00465067,0.0338
1560,5.2056,4.838343,1770461715,0.00468066,0.034
1570,5.1319,4.988035,1770461752,0.00471064,0.0342
1580,4.6541,5.085829,1770461789,0.00474063,0.0344
1590,4.8685,5.272056,1770461827,0.00477061,0.0345
1600,4.9079,4.717019,1770461864,0.0048006,0.0347
1610,4.7979,4.960468,1770461901,0.00483058,0.0348
1620,4.6849,5.460639,1770461939,0.00486057,0.0349
1630,5.2107,4.827738,1770461976,0.00489055,0.035
1640,4.8455,4.75026,1770462013,0.00492054,0.0351
1650,4.8488,4.769566,1770462050,0.00495052,0.0351
1660,4.8531,4.875646,1770462088,0.00498051,0.0352
1670,5.0017,4.918642,1770462125,0.00501049,0.0353
1680,4.6267,4.841447,1770462162,0.00504048,0.0353
1690,5.1949,4.702231,1770462200,0.00507046,0.0354
1700,4.5435,4.61096,1770462237,0.00510045,0.0355
1710,4.6717,4.776148,1770462274,0.00513043,0.0355
1720,4.7028,4.766113,1770462311,0.00516042,0.0355
1730,4.6733,4.873896,1770462349,0.0051904,0.0356
1740,4.6417,4.627414,1770462386,0.00522039,0.0356
1750,4.8344,5.278099,1770462423,0.00525037,0.0356
1760,4.6225,4.701549,1770462461,0.00528036,0.0357
1770,4.8096,4.666657,1770462498,0.00531034,0.0357
1780,4.7778,4.664602,1770462535,0.00534033,0.0357
1790,4.8013,4.464607,1770462572,0.00537031,0.0357
1800,4.7666,4.557466,1770462610,0.0054003,0.0357
1810,4.2562,5.037591,1770462647,0.00543028,0.0358
1820,4.8075,4.814128,1770462684,0.00546027,0.0357
1830,4.7013,4.473304,1770462722,0.00549025,0.0357
1840,4.6073,4.52969,1770462759,0.00552024,0.0358
1850,4.2954,4.705635,1770462796,0.00555022,0.0358
1860,4.4299,4.523309,1770462834,0.00558021,0.0358
1870,4.8299,4.710922,1770462871,0.00561019,0.0358
1880,4.7422,4.461582,1770462908,0.00564018,0.0358
1890,4.5642,4.79545,1770462945,0.00567016,0.0358
1900,4.7261,4.726588,1770462983,0.00570015,0.0358
1910,4.8305,4.699036,1770463020,0.00573013,0.0358
1920,4.4769,4.964121,1770463057,0.00576012,0.0358
1930,4.602,4.518761,1770463095,0.0057901,0.0358
1940,4.6432,4.525994,1770463132,0.00582009,0.0358
1950,4.5621,4.625224,1770463169,0.00585007,0.0358
1960,4.5503,4.780904,1770463206,0.00588006,0.0359
1970,4.3753,4.4612,1770463244,0.00591004,0.0359
1980,4.7586,4.359667,1770463281,0.00594003,0.0359
1990,4.851,4.640388,1770463318,0.00597001,0.0358
2000,4.5014,4.585394,1770463372,0.006,0.0358
2010,4.8421,4.587244,1770463413,0.006,0.0328
2020,4.3922,4.872824,1770463450,0.00599998,0.0331
2030,4.3592,4.732008,1770463487,0.00599996,0.0334
2040,4.3863,4.22115,1770463524,0.00599993,0.0336
2050,4.6676,4.561096,1770463562,0.0059999,0.0339
2060,4.4667,4.534441,1770463599,0.00599985,0.0341
2070,4.7205,4.307366,1770463636,0.0059998,0.0342
2080,4.6211,4.660295,1770463674,0.00599974,0.0344
2090,4.2718,4.507126,1770463711,0.00599967,0.0345
2100,4.9206,4.246058,1770463748,0.00599959,0.0347
2110,4.4817,4.35904,1770463785,0.0059995,0.0348
2120,4.2401,4.708285,1770463823,0.00599941,0.0349
2130,4.2632,4.837635,1770463860,0.00599931,0.035
2140,4.4851,4.783655,1770463897,0.00599919,0.0351
2150,4.6805,4.513217,1770463935,0.00599907,0.0352
2160,4.5832,4.6251,1770463972,0.00599895,0.0352
2170,4.8414,4.335992,1770464009,0.00599881,0.0353
2180,4.5268,4.527731,1770464046,0.00599867,0.0354
2190,4.4193,4.68251,1770464084,0.00599852,0.0354
2200,4.6111,4.836239,1770464121,0.00599836,0.0355
2210,4.2393,4.359348,1770464158,0.00599819,0.0355
2220,4.5462,4.252371,1770464196,0.00599801,0.0355
2230,4.4395,4.414458,1770464233,0.00599782,0.0356
2240,4.2949,4.425007,1770464270,0.00599763,0.0356
2250,4.3072,4.588281,1770464308,0.00599743,0.0356
2260,4.7032,4.21354,1770464345,0.00599722,0.0357
2270,4.3426,4.651092,1770464382,0.005997,0.0357
2280,3.9873,4.528261,1770464419,0.00599678,0.0357
2290,4.363,4.484175,1770464457,0.00599654,0.0357
2300,4.5665,4.386591,1770464494,0.0059963,0.0357
2310,4.3732,4.390564,1770464531,0.00599605,0.0358
2320,4.8477,4.690207,1770464568,0.00599579,0.0358
2330,4.3567,4.23032,1770464606,0.00599552,0.0358
2340,4.5515,4.385876,1770464643,0.00599525,0.0358
2350,4.2599,4.366708,1770464680,0.00599496,0.0358
2360,4.3454,4.311562,1770464718,0.00599467,0.0358
2370,4.9091,4.325238,1770464755,0.00599437,0.0358
2380,4.0407,4.507352,1770464792,0.00599406,0.0358
2390,4.5586,4.317953,1770464829,0.00599375,0.0358
2400,4.2916,4.171393,1770464867,0.00599342,0.0358
2410,4.4325,4.49271,1770464904,0.00599309,0.0358
2420,4.1516,4.730616,1770464941,0.00599275,0.0358
2430,4.3159,4.698398,1770464979,0.0059924,0.0359
2440,4.2452,4.146137,1770465016,0.00599204,0.0359
2450,4.6809,4.502052,1770465053,0.00599168,0.0359
2460,4.4917,4.16357,1770465090,0.0059913,0.0359
2470,4.1312,4.45608,1770465128,0.00599092,0.0359
2480,4.3733,4.448093,1770465165,0.00599053,0.0359
2490,4.1696,4.704903,1770465202,0.00599013,0.0359
2500,4.1369,4.390561,1770465256,0.00598973,0.0359
2510,4.2808,4.693178,1770465296,0.00598931,0.0329
2520,4.4108,4.330739,1770465334,0.00598889,0.0332
2530,3.9652,4.0162,1770465371,0.00598846,0.0334
2540,4.2601,4.031332,1770465408,0.00598802,0.0337
2550,3.9774,4.511728,1770465446,0.00598757,0.0339
2560,4.3414,4.410114,1770465483,0.00598711,0.0341
2570,4.3952,4.257373,1770465520,0.00598665,0.0342
2580,4.1167,4.424041,1770465557,0.00598618,0.0344
2590,4.2435,4.132161,1770465595,0.0059857,0.0346
2600,4.2481,4.258272,1770465632,0.00598521,0.0347
2610,4.2454,4.281121,1770465669,0.00598471,0.0348
2620,4.2828,4.493371,1770465707,0.00598421,0.0349
2630,4.1967,4.161466,1770465744,0.00598369,0.035
2640,3.9904,4.142615,1770465781,0.00598317,0.0351
2650,4.3885,4.344548,1770465819,0.00598264,0.0351
2660,4.2873,4.397823,1770465856,0.00598211,0.0352
2670,4.1122,4.251248,1770465893,0.00598156,0.0353
2680,4.5453,4.705999,1770465930,0.00598101,0.0353
2690,4.3712,4.43986,1770465968,0.00598044,0.0354
2700,4.2802,4.282953,1770466005,0.00597987,0.0355
2710,4.4994,4.467443,1770466042,0.0059793,0.0355
2720,4.5529,4.317984,1770466080,0.00597871,0.0355
2730,4.4422,4.219668,1770466117,0.00597811,0.0356
2740,4.4698,4.381887,1770466154,0.00597751,0.0356
2750,4.3678,4.470744,1770466191,0.0059769,0.0356
2760,4.3915,4.531621,1770466229,0.00597628,0.0356
2770,4.5522,4.406338,1770466266,0.00597565,0.0357
2780,4.0555,4.366865,1770466303,0.00597502,0.0357
2790,4.0224,4.171017,1770466341,0.00597438,0.0357
2800,4.262,4.381639,1770466378,0.00597372,0.0357
2810,4.1576,4.264641,1770466415,0.00597306,0.0357
2820,4.1506,4.067512,1770466452,0.0059724,0.0357
2830,4.2011,4.155297,1770466490,0.00597172,0.0357
2840,4.1293,4.097018,1770466527,0.00597104,0.0358
2850,4.3971,4.071292,1770466564,0.00597034,0.0358
2860,4.0118,4.217975,1770466602,0.00596964,0.0358
2870,4.1033,4.134209,1770466639,0.00596893,0.0358
2880,4.4988,4.33448,1770466676,0.00596822,0.0357
2890,4.3371,4.102902,1770466713,0.00596749,0.0358
2900,4.0477,4.328158,1770466751,0.00596676,0.0358
2910,3.9429,4.383397,1770466788,0.00596602,0.0358
2920,4.6195,4.222341,1770466825,0.00596527,0.0358
2930,4.3422,4.288253,1770466863,0.00596451,0.0358
2940,4.2768,4.348221,1770466900,0.00596374,0.0358
2950,4.2769,4.277008,1770466937,0.00596297,0.0358
2960,3.8763,4.339028,1770466974,0.00596219,0.0358
2970,4.082,4.041602,1770467012,0.0059614,0.0358
2980,4.3289,4.286074,1770467049,0.0059606,0.0358
2990,4.1656,4.253685,1770467086,0.0059598,0.0358
3000,4.3519,4.210985,1770467140,0.00595898,0.0358
3010,3.9549,4.151687,1770467181,0.00595816,0.0328
3020,4.136,4.084953,1770467218,0.00595733,0.0331
3030,4.1859,4.098097,1770467255,0.00595649,0.0334
3040,3.9601,4.30981,1770467293,0.00595564,0.0336
3050,4.4897,4.161808,1770467330,0.00595479,0.0339
3060,4.1442,4.060332,1770467367,0.00595393,0.0341
3070,3.8813,4.56733,1770467404,0.00595305,0.0342
3080,4.355,4.083776,1770467442,0.00595218,0.0344
3090,3.9523,4.434167,1770467479,0.00595129,0.0345
3100,4.3299,4.168678,1770467516,0.00595039,0.0347
3110,3.8583,4.268125,1770467554,0.00594949,0.0348
3120,3.9808,4.484951,1770467591,0.00594858,0.0349
3130,4.0716,4.389419,1770467628,0.00594766,0.035
3140,4.2686,4.182793,1770467665,0.00594673,0.0351
3150,4.1503,4.505165,1770467703,0.0059458,0.0352
3160,4.188,4.267514,1770467740,0.00594485,0.0352
3170,4.056,3.894431,1770467777,0.0059439,0.0353
3180,4.1296,4.233091,1770467815,0.00594294,0.0354
3190,4.1318,4.517412,1770467852,0.00594197,0.0354
3200,4.1977,4.274561,1770467889,0.005941,0.0355
3210,4.3771,4.111694,1770467926,0.00594001,0.0355
3220,4.1649,4.222066,1770467964,0.00593902,0.0356
3230,4.2078,4.189972,1770468001,0.00593802,0.0356
3240,4.0907,4.04317,1770468038,0.00593702,0.0356
3250,4.3069,4.179186,1770468076,0.005936,0.0356
3260,4.2098,4.199236,1770468113,0.00593498,0.0357
3270,3.95,4.210638,1770468150,0.00593394,0.0357
3280,4.2678,4.512091,1770468187,0.0059329,0.0357
3290,4.2112,4.491392,1770468225,0.00593186,0.0357
3300,4.1291,4.490834,1770468262,0.0059308,0.0357
3310,4.094,4.099982,1770468300,0.00592974,0.0357
3320,4.2419,4.142815,1770468338,0.00592866,0.0358
3330,4.1109,4.096349,1770468375,0.00592758,0.0358
3340,4.1247,4.317854,1770468412,0.00592649,0.0358
3350,3.9681,3.981763,1770468449,0.0059254,0.0358
3360,4.1859,4.11171,1770468487,0.00592429,0.0358
3370,4.2316,4.233024,1770468524,0.00592318,0.0358
3380,4.271,4.159283,1770468561,0.00592206,0.0358
3390,4.2168,4.343971,1770468599,0.00592093,0.0358
3400,4.2773,4.256079,1770468636,0.0059198,0.0358
3410,4.12,4.23845,1770468673,0.00591865,0.0358
3420,3.9794,4.298802,1770468710,0.0059175,0.0358
3430,4.1877,4.040548,1770468748,0.00591634,0.0358
3440,3.8163,4.258709,1770468785,0.00591517,0.0358
3450,3.7898,4.25628,1770468822,0.005914,0.0358
3460,4.0205,4.234779,1770468860,0.00591281,0.0358
3470,4.5124,3.821654,1770468897,0.00591162,0.0358
3480,4.0462,4.307545,1770468934,0.00591042,0.0358
3490,4.1383,4.215172,1770468971,0.00590922,0.0358
3500,4.3527,4.154058,1770469025,0.005908,0.0358
3510,3.7819,4.234969,1770469065,0.00590678,0.0328
3520,3.7655,4.423003,1770469103,0.00590554,0.0332
3530,4.3076,3.824853,1770469140,0.00590431,0.0334
3540,4.1941,3.898656,1770469177,0.00590306,0.0337
3550,4.1965,4.070809,1770469215,0.0059018,0.0339
3560,3.9905,4.444484,1770469252,0.00590054,0.0341
3570,4.1308,4.093313,1770469289,0.00589927,0.0343
3580,4.2181,3.927886,1770469326,0.00589799,0.0344
3590,4.1631,4.075261,1770469364,0.0058967,0.0346
3600,4.028,4.080558,1770469401,0.00589541,0.0347
3610,3.8761,4.118577,1770469438,0.0058941,0.0348
3620,4.2604,3.981018,1770469476,0.00589279,0.0349
3630,4.1763,4.235114,1770469513,0.00589147,0.035
3640,3.8267,4.156363,1770469550,0.00589015,0.0351
3650,4.1606,4.496094,1770469587,0.00588881,0.0352
3660,4.6215,4.179041,1770469625,0.00588747,0.0353
3670,4.1462,4.02677,1770469662,0.00588612,0.0353
3680,4.2184,4.32164,1770469699,0.00588476,0.0354
3690,4.2072,4.412481,1770469737,0.0058834,0.0354
3700,4.2785,4.227985,1770469774,0.00588202,0.0355
3710,3.9845,4.139795,1770469811,0.00588064,0.0355
3720,4.1285,4.076618,1770469848,0.00587925,0.0355
3730,4.2207,3.797234,1770469886,0.00587785,0.0356
3740,4.3291,4.031781,1770469923,0.00587645,0.0356
3750,4.2803,4.571727,1770469960,0.00587504,0.0356
3760,4.3691,4.173797,1770469998,0.00587361,0.0357
3770,4.5629,4.008943,1770470035,0.00587219,0.0357
3780,4.0574,4.002857,1770470072,0.00587075,0.0357
3790,4.1234,4.544179,1770470109,0.0058693,0.0357
3800,4.1166,4.102891,1770470147,0.00586785,0.0357
3810,3.8866,4.460745,1770470184,0.00586639,0.0358
3820,4.1851,4.084586,1770470221,0.00586492,0.0358
3830,4.0345,4.023224,1770470259,0.00586345,0.0358
3840,4.2685,3.949554,1770470296,0.00586197,0.0358
3850,4.2229,4.212484,1770470333,0.00586047,0.0358
3860,4.2664,3.819439,1770470370,0.00585897,0.0358
3870,4.2556,4.334054,1770470408,0.00585747,0.0358
3880,4.1376,4.166594,1770470445,0.00585595,0.0358
3890,4.0405,4.171722,1770470482,0.00585443,0.0358
3900,4.2358,4.169872,1770470520,0.0058529,0.0358
3910,4.1222,3.837033,1770470557,0.00585136,0.0358
3920,4.2882,4.155169,1770470594,0.00584982,0.0358
3930,3.9529,4.035562,1770470631,0.00584826,0.0358
3940,3.8891,4.347167,1770470669,0.0058467,0.0359
3950,4.3088,3.915348,1770470706,0.00584513,0.0359
3960,4.2383,4.022925,1770470743,0.00584356,0.0359
3970,4.3625,3.880706,1770470781,0.00584197,0.0359
3980,3.7256,4.228832,1770470818,0.00584038,0.0359
3990,4.0404,4.012321,1770470855,0.00583878,0.0359
4000,3.9731,4.094508,1770470909,0.00583717,0.0359
4010,4.3173,3.899082,1770470949,0.00583555,0.0329
4020,4.4524,3.954273,1770470987,0.00583393,0.0332
4030,3.9436,4.345262,1770471024,0.0058323,0.0334
4040,4.0589,4.70382,1770471061,0.00583066,0.0337
4050,3.8697,4.161237,1770471099,0.00582901,0.0339
4060,3.9814,3.942973,1770471136,0.00582736,0.0341
4070,4.0346,4.084057,1770471173,0.0058257,0.0343
4080,4.0944,3.948426,1770471210,0.00582403,0.0345
4090,4.1094,3.872745,1770471248,0.00582235,0.0346
4100,4.404,3.991255,1770471285,0.00582067,0.0347
4110,3.9862,4.254217,1770471322,0.00581897,0.0348
4120,4.4328,4.015264,1770471360,0.00581727,0.0349
4130,3.9675,4.292323,1770471397,0.00581557,0.035
4140,3.7114,4.017063,1770471434,0.00581385,0.0351
4150,4.1033,4.084532,1770471471,0.00581213,0.0352
4160,4.0323,3.985769,1770471509,0.0058104,0.0353
4170,4.1561,3.968073,1770471546,0.00580866,0.0353
4180,3.4087,4.179144,1770471583,0.00580691,0.0354
4190,3.7592,4.227157,1770471621,0.00580516,0.0354
4200,4.0148,4.202508,1770471658,0.0058034,0.0355
4210,3.8798,3.999751,1770471695,0.00580163,0.0355
4220,4.2563,4.085444,1770471732,0.00579985,0.0356
4230,4.1043,3.96807,1770471770,0.00579807,0.0356
4240,3.6416,3.794506,1770471807,0.00579627,0.0356
4250,4.2466,3.937485,1770471844,0.00579447,0.0357
4260,4.1331,4.030454,1770471882,0.00579267,0.0357
4270,3.9524,4.245082,1770471919,0.00579085,0.0357
4280,3.7698,4.041765,1770471956,0.00578903,0.0357
4290,4.1269,4.27372,1770471993,0.0057872,0.0357
4300,3.884,4.232106,1770472031,0.00578536,0.0357
4310,4.0509,4.145152,1770472068,0.00578352,0.0358
4320,3.8594,4.103108,1770472105,0.00578167,0.0358
4330,4.1852,4.15664,1770472143,0.00577981,0.0358
4340,4.1911,4.119587,1770472180,0.00577794,0.0358
4350,4.1823,4.096793,1770472217,0.00577606,0.0358
4360,3.8378,3.787825,1770472254,0.00577418,0.0358
4370,4.1928,4.115175,1770472292,0.00577229,0.0358
4380,4.1033,4.106645,1770472329,0.00577039,0.0358
4390,4.0434,3.990513,1770472366,0.00576849,0.0358
4400,4.1243,4.356805,1770472404,0.00576657,0.0358
4410,4.35,4.022388,1770472441,0.00576465,0.0358
4420,4.1711,4.06871,1770472478,0.00576272,0.0359
4430,4.0768,3.923643,1770472516,0.00576079,0.0359
4440,3.9421,4.179416,1770472553,0.00575885,0.0359
4450,4.0672,4.189477,1770472590,0.0057569,0.0359
4460,3.9094,4.154154,1770472627,0.00575494,0.0359
4470,4.1841,4.090523,1770472665,0.00575297,0.0359
4480,4.1546,4.08294,1770472702,0.005751,0.0359
4490,4.0674,4.027778,1770472739,0.00574902,0.0359
4500,4.3851,4.073199,1770472793,0.00574703,0.0359
4510,3.9175,4.066282,1770472833,0.00574504,0.0329
4520,4.2105,4.134419,1770472871,0.00574303,0.0332
4530,4.0655,3.989136,1770472908,0.00574102,0.0334
4540,4.2356,3.950792,1770472945,0.00573901,0.0337
4550,4.3101,4.101305,1770472983,0.00573698,0.0339
4560,4.0718,4.056033,1770473020,0.00573495,0.0341
4570,4.3479,4.257519,1770473057,0.00573291,0.0343
4580,4.2185,4.300684,1770473094,0.00573086,0.0344
4590,4.0877,4.105165,1770473132,0.00572881,0.0346
4600,4.0301,4.172497,1770473169,0.00572674,0.0347
4610,4.1164,3.893473,1770473206,0.00572467,0.0348
4620,3.978,3.903694,1770473243,0.0057226,0.0349
4630,4.247,4.2712,1770473281,0.00572051,0.035
4640,4.1461,3.972081,1770473318,0.00571842,0.0351
4650,4.0441,4.189254,1770473355,0.00571632,0.0352
4660,3.8943,4.09328,1770473393,0.00571422,0.0353
4670,4.0431,3.83476,1770473430,0.0057121,0.0353
4680,3.898,4.043555,1770473467,0.00570998,0.0354
4690,4.1109,3.920253,1770473504,0.00570785,0.0354
4700,4.0184,3.929225,1770473542,0.00570572,0.0355
4710,4.1229,4.079023,1770473579,0.00570357,0.0355
4720,3.9285,3.937845,1770473616,0.00570142,0.0355
4730,4.1788,3.998522,1770473654,0.00569927,0.0356
4740,4.3113,3.889125,1770473691,0.0056971,0.0356
4750,4.2533,3.960888,1770473728,0.00569493,0.0356
4760,4.0778,3.681606,1770473765,0.00569275,0.0356
4770,3.9032,4.238163,1770473803,0.00569056,0.0357
4780,4.1339,3.718482,1770473840,0.00568837,0.0357
4790,4.1222,4.061722,1770473877,0.00568617,0.0357
4800,4.1108,3.80178,1770473915,0.00568396,0.0357
4810,4.0256,4.409973,1770473952,0.00568174,0.0357
4820,3.6492,4.293792,1770473989,0.00567952,0.0358
4830,4.1617,3.96974,1770474026,0.00567729,0.0358
4840,4.2504,3.632218,1770474064,0.00567505,0.0358
4850,4.0565,4.041057,1770474101,0.00567281,0.0358
4860,3.7093,4.024341,1770474138,0.00567055,0.0358
4870,4.1525,3.936541,1770474176,0.00566829,0.0358
4880,3.907,4.054825,1770474213,0.00566603,0.0358
4890,4.3074,4.243281,1770474250,0.00566375,0.0358
4900,3.6003,4.004631,1770474288,0.00566147,0.0358
4910,3.9073,3.827424,1770474325,0.00565919,0.0358
4920,3.8951,4.67667,1770474362,0.00565689,0.0358
4930,3.9729,3.866258,1770474399,0.00565459,0.0359
4940,3.8161,3.859944,1770474437,0.00565228,0.0359
4950,4.0486,3.925301,1770474474,0.00564996,0.0359
4960,3.6817,4.145754,1770474511,0.00564764,0.0359
4970,3.8728,4.106118,1770474549,0.00564531,0.0358
4980,3.8177,4.083107,1770474586,0.00564297,0.0359
4990,3.7902,4.185195,1770474623,0.00564062,0.0359
5000,3.7734,4.025884,1770474677,0.00563827,0.0359
5010,4.0361,4.131972,1770474717,0.00563591,0.0329
5020,3.6252,3.842284,1770474755,0.00563354,0.0332
5030,4.287,4.171675,1770474792,0.00563117,0.0334
5040,4.1074,4.014231,1770474829,0.00562879,0.0337
5050,3.7785,3.76629,1770474867,0.0056264,0.0339
5060,4.0864,4.111301,1770474904,0.005624,0.0341
5070,3.7352,4.302859,1770474941,0.0056216,0.0343
5080,4.2806,4.174489,1770474978,0.00561919,0.0344
5090,4.0473,4.0277,1770475016,0.00561678,0.0346
5100,3.7527,3.823435,1770475053,0.00561435,0.0347
5110,4.2413,3.817583,1770475090,0.00561192,0.0348
5120,4.1819,4.162175,1770475128,0.00560948,0.0349
5130,4.41,4.221555,1770475165,0.00560704,0.035
5140,4.0546,4.13711,1770475202,0.00560459,0.0351
5150,4.0325,3.89439,1770475239,0.00560213,0.0352
5160,3.7498,3.938456,1770475277,0.00559966,0.0352
5170,3.8274,4.068429,1770475314,0.00559719,0.0353
5180,4.0136,3.97756,1770475351,0.00559471,0.0354
5190,4.0864,4.060312,1770475389,0.00559222,0.0354
5200,3.8451,4.124562,1770475426,0.00558973,0.0355
5210,3.9355,4.434476,1770475463,0.00558723,0.0355
5220,3.9817,3.780618,1770475500,0.00558472,0.0355
5230,4.1832,3.893714,1770475538,0.00558221,0.0356
5240,4.1889,3.916489,1770475576,0.00557969,0.0356
5250,3.9654,4.020899,1770475613,0.00557716,0.0356
5260,3.7816,4.04105,1770475650,0.00557462,0.0357
5270,3.8222,3.799136,1770475688,0.00557208,0.0357
5280,4.0202,3.972197,1770475725,0.00556953,0.0357
5290,4.2987,3.750935,1770475762,0.00556697,0.0357
5300,3.9224,4.10534,1770475799,0.00556441,0.0357
5310,3.948,4.252244,1770475837,0.00556184,0.0357
5320,4.1558,3.821483,1770475874,0.00555926,0.0357
5330,3.7212,4.018527,1770475911,0.00555668,0.0357
5340,4.0346,4.015337,1770475949,0.00555409,0.0357
5350,4.1538,3.881235,1770475986,0.00555149,0.0358
5360,4.0769,3.947845,1770476023,0.00554889,0.0358
5370,3.8239,3.845447,1770476060,0.00554628,0.0358
5380,4.1694,3.999479,1770476098,0.00554366,0.0358
5390,3.8121,3.88121,1770476135,0.00554103,0.0358
5400,4.1583,4.266839,1770476172,0.0055384,0.0358
5410,3.9521,3.913091,1770476210,0.00553576,0.0358
5420,3.9939,3.971037,1770476247,0.00553312,0.0358
5430,3.9747,3.834315,1770476284,0.00553047,0.0358
5440,3.8474,3.688203,1770476321,0.00552781,0.0358
5450,4.0328,4.066209,1770476359,0.00552514,0.0358
5460,3.9636,4.245728,1770476396,0.00552247,0.0358
5470,4.2909,3.972299,1770476433,0.00551979,0.0358
5480,4.1485,3.903814,1770476471,0.0055171,0.0358
5490,4.0565,3.867081,1770476508,0.00551441,0.0358
5500,4.1824,3.982462,1770476562,0.00551171,0.0359
5510,3.8669,4.033617,1770476602,0.005509,0.0329
5520,4.1518,3.953936,1770476639,0.00550629,0.0332
5530,3.6194,4.238129,1770476676,0.00550357,0.0334
5540,3.8904,4.190153,1770476714,0.00550085,0.0337
5550,3.9492,3.903189,1770476751,0.00549811,0.0339
5560,3.8147,3.934821,1770476788,0.00549537,0.0341
5570,4.2113,4.024539,1770476825,0.00549263,0.0343
5580,4.0861,4.174834,1770476863,0.00548987,0.0344
5590,3.9214,3.760776,1770476900,0.00548711,0.0346
5600,3.9498,3.942682,1770476937,0.00548435,0.0347
5610,4.1165,4.049331,1770476975,0.00548157,0.0348
5620,4.1234,4.433128,1770477012,0.00547879,0.0349
5630,3.9149,3.871125,1770477049,0.00547601,0.035
5640,3.7849,3.896526,1770477086,0.00547321,0.0351
5650,4.0431,3.970505,1770477124,0.00547041,0.0352
5660,3.4959,3.926399,1770477161,0.00546761,0.0353
5670,3.6666,4.177007,1770477198,0.00546479,0.0353
5680,4.078,3.951319,1770477235,0.00546197,0.0354
5690,4.1216,3.725454,1770477273,0.00545915,0.0354
5700,3.8888,4.06714,1770477310,0.00545632,0.0355
5710,4.0132,3.965508,1770477347,0.00545348,0.0355
5720,4.1262,3.984161,1770477385,0.00545063,0.0356
5730,3.8815,4.120949,1770477422,0.00544778,0.0356
5740,3.869,4.166341,1770477459,0.00544492,0.0356
5750,3.9875,4.056834,1770477496,0.00544205,0.0357
5760,3.9813,3.961333,1770477534,0.00543918,0.0357
5770,3.631,4.011184,1770477571,0.0054363,0.0357
5780,4.1947,4.006226,1770477608,0.00543342,0.0357
5790,3.803,3.736037,1770477646,0.00543053,0.0357
5800,4.0271,4.063026,1770477683,0.00542763,0.0357
5810,4.0312,4.064497,1770477720,0.00542472,0.0358
5820,3.8128,3.90743,1770477757,0.00542181,0.0358
5830,3.4924,3.975967,1770477795,0.0054189,0.0358
5840,4.0861,3.979198,1770477832,0.00541597,0.0358
5850,4.0615,3.812975,1770477869,0.00541304,0.0358
5860,3.791,3.912752,1770477907,0.00541011,0.0358
5870,4.0579,3.830902,1770477944,0.00540716,0.0358
5880,4.0418,4.020519,1770477981,0.00540421,0.0358
5890,3.6739,4.35505,1770478019,0.00540126,0.0358
5900,3.9825,4.106987,1770478056,0.00539829,0.0358
5910,3.7352,3.745225,1770478093,0.00539533,0.0358
5920,3.6678,3.931087,1770478130,0.00539235,0.0358
5930,4.134,3.901227,1770478168,0.00538937,0.0358
5940,3.9357,4.094151,1770478205,0.00538638,0.0358
5950,3.8217,3.860322,1770478242,0.00538339,0.0358
5960,3.8526,4.072244,1770478279,0.00538039,0.0358
5970,3.8641,4.125834,1770478317,0.00537738,0.0358
5980,4.1065,4.000941,1770478354,0.00537437,0.0359
5990,4.0342,4.143227,1770478391,0.00537135,0.0359
6000,4.1769,3.982431,1770478445,0.00536832,0.0359
6010,4.069,4.023837,1770478486,0.00536529,0.0329
6020,4.0142,3.85343,1770478523,0.00536225,0.0332
6030,4.3573,4.443621,1770478560,0.0053592,0.0334
6040,3.7435,4.046824,1770478597,0.00535615,0.0337
6050,3.7421,4.328986,1770478635,0.0053531,0.0339
6060,3.9382,3.889018,1770478672,0.00535003,0.0341
6070,3.8003,3.824493,1770478709,0.00534696,0.0343
6080,3.6954,4.056272,1770478747,0.00534389,0.0344
6090,3.8141,3.836102,1770478784,0.0053408,0.0346
6100,3.7709,4.004406,1770478821,0.00533772,0.0347
6110,3.7634,3.817553,1770478858,0.00533462,0.0348
6120,4.0212,3.8585,1770478896,0.00533152,0.0349
6130,4.0153,3.881827,1770478933,0.00532841,0.035
6140,4.0268,4.047729,1770478970,0.0053253,0.0351
6150,3.8958,3.915508,1770479008,0.00532218,0.0352
6160,4.0123,3.993579,1770479045,0.00531905,0.0353
6170,3.889,3.857583,1770479082,0.00531592,0.0353
6180,4.1608,3.890839,1770479119,0.00531279,0.0354
6190,3.9382,4.026062,1770479157,0.00530964,0.0354
6200,3.971,3.887281,1770479194,0.00530649,0.0355
6210,4.3299,3.918118,1770479231,0.00530333,0.0355
6220,3.7071,3.840441,1770479269,0.00530017,0.0355
6230,4.0974,3.647322,1770479306,0.005297,0.0356
6240,4.0203,3.821573,1770479343,0.00529383,0.0356
6250,4.1758,4.129091,1770479380,0.00529065,0.0356
6260,3.9471,4.121069,1770479418,0.00528746,0.0357
6270,3.8838,4.096482,1770479455,0.00528427,0.0357
6280,4.1489,3.789462,1770479492,0.00528107,0.0357
6290,3.7298,3.68967,1770479530,0.00527787,0.0357
6300,3.9173,3.949741,1770479567,0.00527465,0.0357
6310,3.8579,3.754715,1770479604,0.00527144,0.0358
6320,3.8859,4.016455,1770479641,0.00526822,0.0358
6330,4.1763,4.105154,1770479679,0.00526499,0.0358
6340,4.095,3.971357,1770479716,0.00526175,0.0358
6350,4.3363,4.19447,1770479753,0.00525851,0.0358
6360,3.5577,4.380112,1770479791,0.00525526,0.0358
6370,4.042,3.919157,1770479828,0.00525201,0.0358
6380,4.0077,3.787308,1770479865,0.00524875,0.0358
6390,4.0149,3.995481,1770479902,0.00524549,0.0358
6400,4.0016,4.187647,1770479940,0.00524222,0.0358
6410,4.187,3.76431,1770479977,0.00523894,0.0358
6420,3.8658,3.898643,1770480014,0.00523566,0.0358
6430,3.6473,4.054742,1770480052,0.00523237,0.0358
6440,4.0585,4.037264,1770480089,0.00522908,0.0358
6450,3.8297,3.986968,1770480126,0.00522578,0.0358
6460,3.8322,3.818836,1770480163,0.00522247,0.0358
6470,4.211,4.135326,1770480201,0.00521916,0.0358
6480,3.8862,4.059361,1770480238,0.00521584,0.0358
6490,3.9969,4.113725,1770480275,0.00521252,0.0358
6500,4.0316,3.944384,1770480329,0.00520919,0.0358
6510,4.0069,3.95057,1770480370,0.00520585,0.0328
6520,3.9813,3.820484,1770480408,0.00520251,0.0331
6530,3.8794,3.982605,1770480445,0.00519917,0.0334
6540,4.0576,3.860101,1770480482,0.00519581,0.0336
6550,3.3735,3.976742,1770480519,0.00519246,0.0339
6560,4.0708,3.982542,1770480557,0.00518909,0.0341
6570,3.8138,4.022106,1770480594,0.00518572,0.0342
6580,4.1218,4.059056,1770480631,0.00518235,0.0344
6590,4.1128,3.716323,1770480669,0.00517896,0.0345
6600,3.869,4.039974,1770480706,0.00517558,0.0347
6610,4.1911,4.041234,1770480743,0.00517218,0.0347
6620,3.6848,3.816971,1770480781,0.00516879,0.0349
6630,3.8139,4.076875,1770480818,0.00516538,0.035
6640,4.1922,3.696301,1770480855,0.00516197,0.0351
6650,3.7722,4.105454,1770480892,0.00515856,0.0352
6660,3.991,3.949898,1770480930,0.00515514,0.0352
6670,3.6982,3.932977,1770480967,0.00515171,0.0353
6680,3.8727,3.9837,1770481004,0.00514828,0.0354
6690,4.0628,3.985225,1770481042,0.00514484,0.0354
6700,4.0532,3.926219,1770481079,0.0051414,0.0355
6710,4.0774,4.16771,1770481116,0.00513795,0.0355
6720,3.717,3.984724,1770481153,0.00513449,0.0355
6730,3.773,3.977687,1770481191,0.00513103,0.0356
6740,3.9661,3.875671,1770481228,0.00512757,0.0356
6750,3.6244,3.69667,1770481265,0.00512409,0.0356
6760,4.3673,3.926522,1770481303,0.00512062,0.0357
6770,3.6525,3.793881,1770481340,0.00511713,0.0357
6780,3.6066,3.824748,1770481377,0.00511365,0.0357
6790,3.5741,3.767158,1770481414,0.00511015,0.0357
6800,4.2067,4.095222,1770481452,0.00510665,0.0357
6810,3.9216,3.782309,1770481489,0.00510315,0.0357
6820,3.9369,3.714127,1770481526,0.00509964,0.0358
6830,3.7198,4.007228,1770481564,0.00509612,0.0358
6840,3.8678,3.847863,1770481601,0.0050926,0.0358
6850,3.5494,3.823889,1770481638,0.00508907,0.0358
6860,3.4862,3.814546,1770481675,0.00508554,0.0358
6870,3.6517,3.961747,1770481713,0.005082,0.0358
6880,3.9931,3.926191,1770481750,0.00507846,0.0357
6890,3.548,3.938367,1770481787,0.00507491,0.0358
6900,3.9339,3.949174,1770481825,0.00507136,0.0358
6910,3.8669,3.720312,1770481862,0.0050678,0.0358
6920,4.1662,3.841839,1770481899,0.00506424,0.0358
6930,4.0112,3.979267,1770481936,0.00506067,0.0358
6940,3.8097,4.063352,1770481974,0.00505709,0.0358
6950,3.5882,3.885934,1770482011,0.00505351,0.0358
6960,3.7679,3.797697,1770482048,0.00504992,0.0358
6970,3.5732,3.915447,1770482086,0.00504633,0.0359
6980,4.1324,3.979243,1770482123,0.00504274,0.0359
6990,3.7842,3.96538,1770482160,0.00503913,0.0359
7000,3.796,3.928635,1770482214,0.00503553,0.0359
7010,3.7145,3.46842,1770482254,0.00503191,0.0329
7020,3.8698,3.689669,1770482292,0.0050283,0.0332
7030,3.8961,3.955594,1770482329,0.00502467,0.0334
7040,4.0653,3.920639,1770482366,0.00502104,0.0337
7050,3.7468,4.046176,1770482403,0.00501741,0.0339
7060,4.0182,3.977055,1770482441,0.00501377,0.0341
7070,3.6435,3.871656,1770482478,0.00501013,0.0343
7080,4.0592,3.968845,1770482515,0.00500648,0.0345
7090,4.0148,3.645812,1770482552,0.00500282,0.0346
7100,3.9501,3.944381,1770482590,0.00499917,0.0347
7110,4.276,3.947049,1770482627,0.0049955,0.0348
7120,4.0443,3.772681,1770482664,0.00499183,0.0349
7130,3.6714,3.65381,1770482702,0.00498816,0.035
7140,3.6501,4.260502,1770482739,0.00498447,0.0351
7150,3.9324,3.65752,1770482777,0.00498079,0.0352
7160,3.6397,4.177872,1770482814,0.0049771,0.0353
7170,3.6241,3.765705,1770482852,0.0049734,0.0353
7180,4.0096,3.820109,1770482889,0.0049697,0.0354
7190,3.983,3.810238,1770482926,0.004966,0.0354
7200,4.0097,3.89984,1770482964,0.00496229,0.0355
7210,3.852,3.648484,1770483001,0.00495857,0.0355
7220,3.8894,3.71466,1770483038,0.00495485,0.0356
7230,4.0208,3.983645,1770483075,0.00495112,0.0356
7240,3.8546,3.928431,1770483113,0.00494739,0.0356
7250,3.7812,3.937516,1770483150,0.00494366,0.0356
7260,3.707,4.117598,1770483187,0.00493991,0.0357
7270,3.7365,3.955634,1770483225,0.00493617,0.0357
7280,3.8727,3.71743,1770483262,0.00493242,0.0357
7290,3.8045,3.824508,1770483299,0.00492866,0.0357
7300,3.9514,3.724365,1770483336,0.0049249,0.0357
7310,3.8802,3.747496,1770483374,0.00492113,0.0358
7320,3.8002,3.879995,1770483411,0.00491736,0.0358
7330,3.4167,3.781435,1770483448,0.00491359,0.0358
7340,4.2854,3.750877,1770483486,0.00490981,0.0358
7350,3.5463,3.969073,1770483523,0.00490602,0.0358
7360,3.6087,3.81344,1770483560,0.00490223,0.0358
7370,3.9542,3.978884,1770483597,0.00489844,0.0358
7380,3.9234,3.785283,1770483635,0.00489464,0.0358
7390,3.8284,4.197973,1770483672,0.00489083,0.0358
7400,3.8168,3.945951,1770483709,0.00488702,0.0358
7410,3.9303,3.69877,1770483747,0.00488321,0.0358
7420,4.1611,3.904517,1770483784,0.00487939,0.0358
7430,4.1185,3.910564,1770483821,0.00487556,0.0358
7440,4.1204,4.351619,1770483858,0.00487173,0.0358
7450,3.6839,3.962384,1770483896,0.0048679,0.0358
7460,3.9909,3.984723,1770483933,0.00486406,0.0358
7470,3.6993,4.16271,1770483970,0.00486022,0.0358
7480,3.7549,3.881715,1770484008,0.00485637,0.0358
7490,4.0486,3.919512,1770484045,0.00485251,0.0358
7500,4.2197,3.891792,1770484099,0.00484866,0.0358
7510,3.8147,3.769958,1770484139,0.00484479,0.0328
7520,4.1047,3.910182,1770484176,0.00484093,0.0332
7530,3.8703,3.980508,1770484213,0.00483705,0.0334
7540,3.595,3.874764,1770484250,0.00483318,0.0337
7550,3.4469,4.232565,1770484288,0.0048293,0.0339
7560,4.0451,3.964161,1770484325,0.00482541,0.0341
7570,4.0221,3.682128,1770484362,0.00482152,0.0343
7580,4.0835,4.229934,1770484399,0.00481763,0.0345
7590,3.9298,4.113448,1770484437,0.00481373,0.0346
7600,4.2315,3.835895,1770484474,0.00480982,0.0348
7610,4.0402,3.684337,1770484511,0.00480591,0.0349
7620,3.9091,4.079299,1770484548,0.004802,0.035
7630,3.6266,4.135581,1770484585,0.00479808,0.0351
7640,4.0992,3.846128,1770484623,0.00479416,0.0352
7650,3.9754,4.034097,1770484660,0.00479023,0.0353
7660,4.0581,3.860249,1770484697,0.0047863,0.0353
7670,3.8232,3.976643,1770484734,0.00478236,0.0354
7680,4.0144,3.90665,1770484771,0.00477842,0.0355
7690,3.8446,3.93159,1770484809,0.00477448,0.0355
7700,3.9767,3.634235,1770484846,0.00477053,0.0356
7710,4.0217,3.624029,1770484883,0.00476657,0.0356
7720,3.8062,3.97319,1770484920,0.00476261,0.0356
7730,3.9776,3.899864,1770484957,0.00475865,0.0357
7740,3.8071,3.92553,1770484995,0.00475468,0.0357
7750,3.8264,3.853519,1770485032,0.00475071,0.0357
7760,4.042,3.835553,1770485069,0.00474673,0.0358
7770,3.7343,3.5668,1770485106,0.00474275,0.0358
7780,4.0741,3.702704,1770485143,0.00473877,0.0358
7790,4.0405,4.145739,1770485181,0.00473478,0.0358
7800,3.9636,3.855709,1770485218,0.00473078,0.0358
7810,3.9287,3.858103,1770485255,0.00472678,0.0358
7820,3.9239,3.922771,1770485292,0.00472278,0.0358
7830,3.4466,4.045869,1770485329,0.00471877,0.0358
7840,3.9558,3.884375,1770485367,0.00471476,0.0358
7850,4.0593,4.012462,1770485404,0.00471075,0.0359
7860,3.737,3.759037,1770485441,0.00470673,0.0359
7870,3.6792,4.141164,1770485478,0.0047027,0.0359
7880,3.6756,3.744854,1770485515,0.00469867,0.0359
7890,3.7615,3.700692,1770485553,0.00469464,0.0359
7900,4.0705,3.323492,1770485590,0.0046906,0.0359
7910,3.9225,3.840662,1770485627,0.00468656,0.0359
7920,3.776,4.337362,1770485664,0.00468252,0.0359
7930,3.847,3.755909,1770485701,0.00467847,0.0359
7940,4.0164,3.745456,1770485739,0.00467441,0.0359
7950,3.7577,4.173697,1770485776,0.00467035,0.0359
7960,3.759,4.209428,1770485813,0.00466629,0.0359
7970,3.5076,3.923298,1770485850,0.00466222,0.0359
7980,4.0187,3.77302,1770485887,0.00465815,0.036
7990,3.7942,3.895958,1770485925,0.00465408,0.036
8000,3.7865,3.883649,1770485978,0.00465,0.036
8010,3.984,3.813028,1770486019,0.00464592,0.0329
8020,3.7615,3.899027,1770486056,0.00464183,0.0332
8030,4.0178,3.806627,1770486093,0.00463774,0.0335
8040,3.8343,3.776316,1770486130,0.00463364,0.0338
8050,3.7538,4.137677,1770486168,0.00462954,0.034
8060,3.8743,3.770012,1770486205,0.00462544,0.0342
8070,3.9796,3.916403,1770486242,0.00462133,0.0343
8080,3.6563,3.705133,1770486279,0.00461722,0.0345
8090,4.0112,3.833792,1770486316,0.00461311,0.0346
8100,3.8065,3.688501,1770486354,0.00460899,0.0348
8110,3.6877,3.863004,1770486391,0.00460486,0.0349
8120,4.1824,3.917379,1770486428,0.00460073,0.035
8130,4.11,3.909162,1770486465,0.0045966,0.0351
8140,3.8212,3.960039,1770486502,0.00459247,0.0352
8150,3.7892,4.076529,1770486540,0.00458833,0.0353
8160,3.8489,3.858149,1770486577,0.00458419,0.0353
8170,4.0073,3.898329,1770486614,0.00458004,0.0354
8180,3.9391,3.982386,1770486651,0.00457589,0.0354
8190,4.464,3.718574,1770486688,0.00457173,0.0355
8200,3.4158,4.069901,1770486726,0.00456757,0.0355
8210,3.7741,3.938915,1770486763,0.00456341,0.0356
8220,3.8844,3.872464,1770486800,0.00455924,0.0356
8230,4.0493,3.779957,1770486837,0.00455507,0.0356
8240,3.7381,3.816581,1770486874,0.0045509,0.0357
8250,3.8639,3.99222,1770486912,0.00454672,0.0357
8260,3.8131,3.787594,1770486949,0.00454254,0.0357
8270,3.744,3.826947,1770486986,0.00453835,0.0358
8280,3.7254,3.678554,1770487023,0.00453416,0.0358
8290,3.9531,3.973554,1770487060,0.00452997,0.0358
8300,3.896,3.919798,1770487098,0.00452577,0.0358
8310,4.1014,4.07248,1770487135,0.00452157,0.0358
8320,3.9853,3.701598,1770487172,0.00451737,0.0358
8330,3.5985,3.919307,1770487209,0.00451316,0.0358
8340,3.8941,3.956675,1770487246,0.00450895,0.0359
8350,3.6683,3.936478,1770487284,0.00450473,0.0359
8360,3.8551,3.89024,1770487321,0.00450051,0.0359
8370,3.938,3.581844,1770487358,0.00449629,0.0359
8380,3.878,3.930191,1770487395,0.00449207,0.0359
8390,3.8663,3.849535,1770487432,0.00448784,0.0359
8400,4.1062,3.814012,1770487470,0.0044836,0.0359
8410,3.6391,3.951862,1770487507,0.00447936,0.0359
8420,3.9264,3.666249,1770487544,0.00447512,0.0359
8430,3.7303,3.8671,1770487581,0.00447088,0.0359
8440,3.8936,3.778897,1770487618,0.00446663,0.0359
8450,4.117,3.925554,1770487656,0.00446238,0.0359
8460,3.8171,3.971273,1770487693,0.00445812,0.0359
8470,3.9493,4.22244,1770487730,0.00445387,0.0359
8480,3.7616,3.630156,1770487767,0.0044496,0.0359
8490,3.9308,4.068118,1770487804,0.00444534,0.0359
8500,3.9062,3.881684,1770487858,0.00444107,0.0359
8510,3.6505,4.11236,1770487898,0.0044368,0.0329
8520,3.8176,3.573598,1770487935,0.00443252,0.0332
8530,3.9443,3.744387,1770487973,0.00442824,0.0335
8540,3.932,3.697953,1770488010,0.00442396,0.0337
8550,3.924,4.317259,1770488047,0.00441967,0.0339
8560,3.7966,3.929739,1770488085,0.00441538,0.0341
8570,3.9002,3.840801,1770488122,0.00441109,0.0343
8580,4.008,3.754683,1770488159,0.00440679,0.0345
8590,4.0119,3.67471,1770488196,0.00440249,0.0346
8600,4.011,3.774758,1770488234,0.00439819,0.0347
8610,3.7312,3.930123,1770488271,0.00439388,0.0349
8620,3.6281,3.809423,1770488308,0.00438957,0.035
8630,3.8354,4.04174,1770488346,0.00438526,0.035
8640,3.9913,4.040297,1770488383,0.00438094,0.0351
8650,3.7018,3.963082,1770488420,0.00437662,0.0352
8660,3.8694,3.973673,1770488458,0.0043723,0.0353
8670,3.6196,3.834607,1770488495,0.00436797,0.0353
8680,3.64,3.852597,1770488532,0.00436364,0.0354
8690,3.6716,4.056715,1770488569,0.00435931,0.0355
8700,3.5266,4.024671,1770488607,0.00435497,0.0355
8710,3.7023,3.953897,1770488644,0.00435063,0.0355
8720,3.9676,3.833646,1770488681,0.00434629,0.0356
8730,3.8195,3.734119,1770488719,0.00434195,0.0356
8740,3.8012,3.820574,1770488756,0.0043376,0.0356
8750,3.681,4.208739,1770488793,0.00433325,0.0356
8760,3.8679,3.691324,1770488830,0.00432889,0.0357
8770,4.2597,3.608318,1770488868,0.00432453,0.0357
8780,3.6421,3.692077,1770488905,0.00432017,0.0357
8790,3.9999,3.735012,1770488942,0.00431581,0.0357
8800,4.0723,3.856856,1770488980,0.00431144,0.0357
8810,3.9717,3.939255,1770489017,0.00430707,0.0357
8820,3.6645,3.693331,1770489054,0.00430269,0.0358
8830,3.6341,3.860484,1770489091,0.00429832,0.0358
8840,3.7176,3.879929,1770489129,0.00429394,0.0358
8850,4.2613,4.009206,1770489166,0.00428955,0.0358
8860,3.9905,4.08747,1770489203,0.00428517,0.0358
8870,3.7489,3.790564,1770489241,0.00428078,0.0358
8880,3.8405,3.735044,1770489278,0.00427639,0.0358
8890,3.7146,3.693023,1770489315,0.00427199,0.0358
8900,3.6005,3.586833,1770489352,0.00426759,0.0358
8910,3.6948,3.940791,1770489390,0.00426319,0.0358
8920,3.8131,3.836404,1770489427,0.00425879,0.0358
8930,4.2889,3.873163,1770489464,0.00425438,0.0358
8940,3.9065,3.787703,1770489501,0.00424997,0.0358
8950,4.0001,3.924044,1770489539,0.00424556,0.0358
8960,3.7582,3.866562,1770489576,0.00424114,0.0359
8970,4.2115,3.775713,1770489613,0.00423673,0.0359
8980,3.9581,3.686941,1770489650,0.00423231,0.0359
8990,3.8888,3.92925,1770489687,0.00422788,0.0359
9000,3.7614,3.837048,1770489741,0.00422345,0.0359
9010,3.8855,4.066738,1770489781,0.00421902,0.0329
9020,3.5535,3.584725,1770489818,0.00421459,0.0332
9030,3.6399,3.613638,1770489855,0.00421016,0.0335
9040,3.6827,3.956404,1770489893,0.00420572,0.0337
9050,4.0122,3.809742,1770489930,0.00420128,0.034
9060,4.0254,3.904217,1770489967,0.00419684,0.0342
9070,3.6509,3.933715,1770490004,0.00419239,0.0343
9080,3.7497,3.591426,1770490042,0.00418794,0.0345
9090,3.8058,3.720868,1770490079,0.00418349,0.0347
9100,3.9676,3.647563,1770490117,0.00417903,0.0348
9110,3.7746,3.823004,1770490154,0.00417458,0.0349
9120,3.8375,3.745753,1770490191,0.00417012,0.035
9130,3.7339,3.930399,1770490228,0.00416566,0.0351
9140,3.875,3.853706,1770490265,0.00416119,0.0352
9150,3.8833,3.907009,1770490303,0.00415672,0.0353
9160,3.8084,3.344932,1770490340,0.00415225,0.0353
9170,3.6997,3.790902,1770490377,0.00414778,0.0354
9180,3.2622,3.757908,1770490414,0.0041433,0.0355
9190,3.9687,4.280949,1770490451,0.00413883,0.0355
9200,3.3226,3.945278,1770490489,0.00413435,0.0355
9210,3.7721,3.65622,1770490526,0.00412986,0.0356
9220,3.8691,3.833901,1770490563,0.00412538,0.0356
9230,3.6689,3.94707,1770490600,0.00412089,0.0356
9240,3.7791,3.746674,1770490637,0.0041164,0.0357
9250,3.6126,3.890573,1770490675,0.00411191,0.0357
9260,3.2604,3.7396,1770490712,0.00410741,0.0357
9270,3.7713,3.738273,1770490749,0.00410291,0.0358
9280,3.6534,3.822292,1770490786,0.00409841,0.0358
9290,4.1536,3.905888,1770490823,0.00409391,0.0358
9300,3.6891,3.569799,1770490861,0.0040894,0.0358
9310,3.8482,3.340587,1770490898,0.0040849,0.0358
9320,3.8949,3.989337,1770490935,0.00408039,0.0358
9330,3.9192,4.112313,1770490972,0.00407587,0.0358
9340,3.8477,3.724221,1770491009,0.00407136,0.0358
9350,3.9285,3.823,1770491047,0.00406684,0.0359
9360,3.9538,3.830048,1770491084,0.00406232,0.0359
9370,3.5986,3.569218,1770491121,0.0040578,0.0359
9380,3.3745,3.902886,1770491158,0.00405328,0.0359
9390,3.9145,3.52623,1770491195,0.00404875,0.0359
9400,3.7506,3.746464,1770491233,0.00404422,0.0359
9410,3.5946,3.595405,1770491270,0.00403969,0.0359
9420,3.7476,3.74245,1770491307,0.00403516,0.0359
9430,4.1069,3.887749,1770491344,0.00403062,0.0359
9440,3.8285,3.82959,1770491381,0.00402608,0.0359
9450,3.5689,3.748308,1770491419,0.00402154,0.0359
9460,3.8478,3.783141,1770491456,0.004017,0.0359
9470,3.6882,3.707645,1770491493,0.00401246,0.0359
9480,3.6963,3.898352,1770491530,0.00400791,0.0359
9490,3.7391,3.79897,1770491567,0.00400336,0.0359
9500,3.7303,3.822904,1770491621,0.00399881,0.0359
9510,4.0607,3.78821,1770491662,0.00399426,0.0329
9520,3.6978,3.764942,1770491699,0.0039897,0.0332
9530,3.921,3.7161,1770491736,0.00398515,0.0335
9540,3.6884,3.944065,1770491773,0.00398059,0.0337
9550,3.7721,3.806081,1770491810,0.00397603,0.0339
9560,3.7701,3.607118,1770491848,0.00397146,0.0341
9570,3.795,3.842693,1770491885,0.0039669,0.0343
9580,3.9616,3.714223,1770491922,0.00396233,0.0345
9590,3.4713,3.950587,1770491959,0.00395776,0.0346
9600,4.0199,4.041684,1770491996,0.00395319,0.0348
9610,3.7458,3.831018,1770492034,0.00394862,0.0349
9620,3.6915,3.771437,1770492071,0.00394404,0.035
9630,3.8416,4.006302,1770492108,0.00393946,0.0351
9640,3.772,3.822865,1770492145,0.00393488,0.0352
9650,3.8026,3.939336,1770492182,0.0039303,0.0352
9660,3.8261,3.842694,1770492220,0.00392572,0.0353
9670,3.76,3.784668,1770492257,0.00392113,0.0354
9680,3.8477,3.939916,1770492294,0.00391655,0.0354
9690,3.6462,3.834401,1770492331,0.00391196,0.0355
9700,3.7108,3.714164,1770492368,0.00390737,0.0355
9710,4.0619,3.911212,1770492406,0.00390278,0.0356
9720,3.684,3.764467,1770492443,0.00389818,0.0356
9730,3.3939,3.709081,1770492480,0.00389358,0.0357
9740,3.7575,3.822888,1770492517,0.00388899,0.0357
9750,3.7829,3.735471,1770492555,0.00388439,0.0357
9760,3.5114,3.884785,1770492592,0.00387979,0.0357
9770,3.9501,3.815628,1770492629,0.00387518,0.0357
9780,3.896,3.748073,1770492666,0.00387058,0.0358
9790,3.9298,3.860515,1770492703,0.00386597,0.0358
9800,3.8289,3.758189,1770492741,0.00386136,0.0358
9810,3.9727,3.542434,1770492778,0.00385675,0.0358
9820,3.8867,3.673743,1770492815,0.00385214,0.0358
9830,3.6649,3.810083,1770492852,0.00384753,0.0358
9840,3.8163,3.88792,1770492889,0.00384291,0.0358
9850,4.0411,3.722291,1770492927,0.00383829,0.0358
9860,3.7372,3.894771,1770492964,0.00383367,0.0359
9870,3.4124,4.164116,1770493001,0.00382905,0.0359
9880,3.6257,3.646946,1770493038,0.00382443,0.0359
9890,3.6246,3.645014,1770493075,0.00381981,0.0359
9900,3.793,3.840917,1770493113,0.00381518,0.0359
9910,3.7339,3.928018,1770493150,0.00381056,0.0359
9920,3.9202,3.932509,1770493187,0.00380593,0.0359
9930,3.4919,3.606823,1770493224,0.0038013,0.0359
9940,3.8736,4.171128,1770493262,0.00379667,0.0359
9950,3.8458,4.312785,1770493299,0.00379204,0.0359
9960,3.7704,3.735523,1770493336,0.0037874,0.0359
9970,3.7323,3.997214,1770493373,0.00378277,0.0359
9980,3.8923,3.748672,1770493410,0.00377813,0.0359
9990,3.7395,4.008531,1770493448,0.00377349,0.0359
10000,3.8656,3.798731,1770493501,0.00376885,0.0359
10010,3.8982,3.449804,1770493542,0.00376421,0.0329
10020,3.8939,3.655128,1770493579,0.00375957,0.0332
10030,3.9142,3.605052,1770493617,0.00375492,0.0335
10040,4.1598,3.90126,1770493654,0.00375028,0.0337
10050,4.0184,3.984425,1770493691,0.00374563,0.0339
10060,3.7683,3.999511,1770493728,0.00374098,0.0341
10070,3.9266,3.719606,1770493765,0.00373633,0.0343
10080,3.8763,3.786337,1770493803,0.00373168,0.0345
10090,3.8117,3.934344,1770493840,0.00372703,0.0346
10100,3.563,3.863207,1770493877,0.00372237,0.0348
10110,3.6205,4.015779,1770493914,0.00371772,0.0349
10120,3.5234,3.870311,1770493951,0.00371306,0.035
10130,3.8859,3.694889,1770493989,0.0037084,0.0351
10140,3.6512,4.078335,1770494026,0.00370375,0.0352
10150,3.6304,4.206659,1770494063,0.00369909,0.0352
10160,3.2415,4.026525,1770494100,0.00369442,0.0353
10170,3.6467,3.827186,1770494137,0.00368976,0.0354
10180,3.2343,3.549542,1770494175,0.0036851,0.0355
10190,3.9526,3.835031,1770494212,0.00368043,0.0355
10200,3.5893,3.781861,1770494249,0.00367577,0.0356
10210,3.9253,3.818068,1770494286,0.0036711,0.0356
10220,3.589,4.08988,1770494323,0.00366643,0.0356
10230,3.9331,3.536083,1770494361,0.00366176,0.0357
10240,3.5213,3.8781,1770494398,0.00365709,0.0357
10250,3.5518,3.707831,1770494435,0.00365242,0.0357
10260,3.9044,3.792007,1770494472,0.00364775,0.0358
10270,3.7461,3.857436,1770494510,0.00364307,0.0358
10280,3.656,4.040979,1770494547,0.0036384,0.0358
10290,3.8107,3.660532,1770494584,0.00363372,0.0358
10300,3.6669,3.632532,1770494621,0.00362905,0.0358
10310,3.607,3.703243,1770494658,0.00362437,0.0358
10320,3.4248,3.848454,1770494696,0.00361969,0.0359
10330,3.5891,3.642101,1770494733,0.00361501,0.0359
10340,3.8743,3.501508,1770494770,0.00361033,0.0359
10350,3.5354,3.777198,1770494807,0.00360565,0.0359
10360,3.9466,3.576194,1770494844,0.00360097,0.0359
10370,3.6866,3.573648,1770494882,0.00359628,0.0359
10380,3.7905,3.714191,1770494919,0.0035916,0.0359
10390,3.6086,3.92162,1770494956,0.00358691,0.0359
10400,3.8443,3.897654,1770494993,0.00358223,0.0359
10410,3.7877,4.174395,1770495030,0.00357754,0.0359
10420,3.2115,3.751177,1770495068,0.00357285,0.0359
10430,3.657,3.649249,1770495105,0.00356816,0.0359
10440,3.9458,3.677464,1770495142,0.00356347,0.0359
10450,3.7679,3.911861,1770495179,0.00355878,0.0359
10460,3.9103,3.629421,1770495216,0.00355409,0.0359
10470,3.9519,3.98396,1770495254,0.0035494,0.0359
10480,3.6489,3.773608,1770495291,0.00354471,0.0359
10490,3.5205,3.8353,1770495328,0.00354001,0.0359
10500,3.6724,3.799913,1770495382,0.00353532,0.0359
10510,3.5691,3.688937,1770495422,0.00353063,0.0329
10520,3.545,3.831689,1770495459,0.00352593,0.0332
10530,3.9538,3.971222,1770495497,0.00352123,0.0335
10540,3.6901,3.977221,1770495534,0.00351654,0.0338
10550,3.6928,3.885724,1770495571,0.00351184,0.034
10560,3.7738,3.985641,1770495608,0.00350714,0.0342
10570,3.9255,3.685801,1770495645,0.00350244,0.0344
10580,3.5705,3.72443,1770495683,0.00349774,0.0345
10590,3.7292,3.620997,1770495720,0.00349304,0.0347
10600,3.9978,3.785741,1770495757,0.00348834,0.0348
10610,3.8247,4.106345,1770495794,0.00348364,0.0349
10620,3.8447,3.85988,1770495831,0.00347894,0.035
10630,3.7164,3.966408,1770495869,0.00347424,0.0351
10640,3.6389,3.618899,1770495906,0.00346953,0.0352
10650,3.8277,3.780873,1770495943,0.00346483,0.0353
10660,3.7243,3.700885,1770495980,0.00346013,0.0353
10670,3.8236,3.793403,1770496018,0.00345542,0.0354
10680,3.8887,3.547486,1770496055,0.00345072,0.0354
10690,3.6537,3.674369,1770496092,0.00344601,0.0355
10700,3.8228,3.559301,1770496129,0.00344131,0.0355
10710,3.632,3.823097,1770496166,0.0034366,0.0356
10720,3.7819,3.784697,1770496204,0.00343189,0.0356
10730,3.7895,3.80697,1770496241,0.00342719,0.0357
10740,3.7952,3.774004,1770496278,0.00342248,0.0357
10750,3.5686,4.341506,1770496315,0.00341777,0.0357
10760,3.7136,3.838115,1770496352,0.00341306,0.0357
10770,3.9609,4.00341,1770496390,0.00340836,0.0357
10780,4.0909,3.725388,1770496427,0.00340365,0.0358
10790,3.8277,4.04787,1770496464,0.00339894,0.0358
10800,3.9168,3.909329,1770496501,0.00339423,0.0358
10810,3.6112,3.775927,1770496538,0.00338952,0.0358
10820,3.7471,3.496932,1770496576,0.00338481,0.0358
10830,3.8906,3.421098,1770496613,0.0033801,0.0358
10840,3.9557,3.668151,1770496650,0.00337539,0.0358
10850,3.5845,3.793179,1770496687,0.00337068,0.0359
10860,3.7566,4.128498,1770496724,0.00336597,0.0359
10870,3.606,3.831156,1770496762,0.00336126,0.0359
10880,3.72,3.734045,1770496799,0.00335654,0.0359
10890,3.8633,4.060365,1770496836,0.00335183,0.0359
10900,3.8463,3.700214,1770496873,0.00334712,0.0359
10910,3.525,3.840183,1770496911,0.00334241,0.0359
10920,3.7442,3.941086,1770496948,0.0033377,0.0359
10930,3.8503,4.017911,1770496985,0.00333299,0.0359
10940,3.731,3.672794,1770497022,0.00332827,0.0359
10950,3.7908,3.732184,1770497059,0.00332356,0.0359
10960,3.4415,3.816021,1770497097,0.00331885,0.0359
10970,4.0301,3.921614,1770497134,0.00331414,0.0359
10980,4.0201,3.654664,1770497171,0.00330942,0.0359
10990,4.0267,3.654444,1770497208,0.00330471,0.0359
11000,3.4821,3.770276,1770497262,0.0033,0.0359
11010,3.771,4.001797,1770497302,0.00329529,0.0329
11020,4.035,3.764674,1770497340,0.00329058,0.0332
11030,3.9021,3.903258,1770497377,0.00328586,0.0335
11040,3.7661,3.719689,1770497414,0.00328115,0.0337
11050,3.7779,3.818488,1770497451,0.00327644,0.034
11060,3.6936,3.7924,1770497488,0.00327173,0.0342
11070,3.9746,3.584242,1770497526,0.00326701,0.0343
11080,3.7412,3.571717,1770497563,0.0032623,0.0345
11090,3.8936,3.808883,1770497600,0.00325759,0.0346
11100,3.483,3.915529,1770497637,0.00325288,0.0348
11110,3.701,3.739084,1770497675,0.00324817,0.0349
11120,3.5767,3.86064,1770497712,0.00324346,0.035
11130,3.5188,3.69258,1770497749,0.00323874,0.0351
11140,3.7605,3.873733,1770497786,0.00323403,0.0351
11150,3.8789,3.57333,1770497823,0.00322932,0.0352
11160,3.9653,3.972109,1770497861,0.00322461,0.0353
11170,3.8642,3.605905,1770497898,0.0032199,0.0354
11180,3.5275,4.227721,1770497935,0.00321519,0.0354
11190,3.7997,3.865312,1770497972,0.00321048,0.0355
11200,3.7231,3.399066,1770498009,0.00320577,0.0355
11210,3.8512,3.845261,1770498047,0.00320106,0.0356
11220,3.831,3.665234,1770498084,0.00319635,0.0356
11230,3.8003,3.81407,1770498121,0.00319164,0.0356
11240,3.9085,3.732866,1770498158,0.00318694,0.0357
11250,3.7428,3.658659,1770498196,0.00318223,0.0357
11260,3.5468,3.7131,1770498233,0.00317752,0.0357
11270,3.8747,3.538054,1770498270,0.00317281,0.0357
11280,3.7799,3.779867,1770498307,0.00316811,0.0358
11290,3.3461,3.679099,1770498345,0.0031634,0.0358
11300,3.8499,3.69299,1770498382,0.00315869,0.0358
11310,3.9831,3.625337,1770498419,0.00315399,0.0358
11320,3.763,4.188926,1770498457,0.00314928,0.0358
11330,3.7647,3.915294,1770498494,0.00314458,0.0358
11340,3.6404,4.009204,1770498531,0.00313987,0.0358
11350,3.7994,3.639358,1770498568,0.00313517,0.0358
11360,3.7613,3.699726,1770498605,0.00313047,0.0358
11370,3.7236,3.837869,1770498643,0.00312576,0.0358
11380,3.8584,3.550446,1770498680,0.00312106,0.0358
11390,3.9798,3.697713,1770498717,0.00311636,0.0358
11400,3.5869,4.02914,1770498754,0.00311166,0.0358
11410,3.7377,3.63566,1770498791,0.00310696,0.0359
11420,3.806,3.710657,1770498829,0.00310226,0.0359
11430,3.5704,3.694023,1770498866,0.00309756,0.0359
11440,3.4032,3.573109,1770498903,0.00309286,0.0359
11450,3.5224,3.721947,1770498940,0.00308816,0.0359
11460,3.6482,3.639055,1770498978,0.00308346,0.0359
11470,3.7323,4.045658,1770499015,0.00307877,0.0359
11480,3.6565,4.044472,1770499052,0.00307407,0.0359
11490,3.6488,3.829985,1770499089,0.00306937,0.0359
11500,4.0929,3.726424,1770499143,0.00306468,0.0359
11510,3.726,3.868027,1770499183,0.00305999,0.0329
11520,3.5254,4.083252,1770499220,0.00305529,0.0332
11530,3.7055,3.584993,1770499258,0.0030506,0.0335
11540,3.5425,3.579948,1770499295,0.00304591,0.0337
11550,3.4687,3.778104,1770499332,0.00304122,0.034
11560,4.0068,3.804113,1770499369,0.00303653,0.0342
11570,3.6516,3.682799,1770499406,0.00303184,0.0343
11580,3.7119,4.016914,1770499444,0.00302715,0.0345
11590,3.8515,3.574073,1770499481,0.00302246,0.0346
11600,3.4253,3.83546,1770499518,0.00301777,0.0348
11610,3.9128,3.689833,1770499555,0.00301309,0.0349
11620,3.6587,3.794645,1770499592,0.0030084,0.035
11630,3.5254,3.618251,1770499630,0.00300372,0.0351
11640,3.6813,3.838957,1770499667,0.00299903,0.0352
11650,3.8365,3.947901,1770499704,0.00299435,0.0352
11660,3.6854,3.524019,1770499741,0.00298967,0.0353
11670,3.8593,3.845609,1770499778,0.00298499,0.0354
11680,3.9348,3.843684,1770499816,0.00298031,0.0354
11690,3.6919,4.118631,1770499853,0.00297563,0.0355
11700,3.7,3.822526,1770499890,0.00297095,0.0355
11710,3.6578,3.979067,1770499927,0.00296628,0.0356
11720,3.76,3.922978,1770499965,0.0029616,0.0356
11730,3.9654,3.722687,1770500002,0.00295693,0.0356
11740,3.8559,3.541644,1770500039,0.00295225,0.0357
11750,3.6563,3.768996,1770500076,0.00294758,0.0357
11760,3.6392,3.573384,1770500113,0.00294291,0.0357
11770,3.6145,3.664093,1770500151,0.00293824,0.0357
11780,3.8128,3.577321,1770500188,0.00293357,0.0358
11790,3.7,3.632895,1770500225,0.0029289,0.0358
11800,4.0284,3.641929,1770500262,0.00292423,0.0358
11810,3.8578,3.688969,1770500299,0.00291957,0.0358
11820,3.8368,3.506456,1770500337,0.0029149,0.0358
11830,3.7158,3.811134,1770500374,0.00291024,0.0358
11840,3.9436,3.703812,1770500411,0.00290558,0.0359
11850,3.9109,3.871486,1770500448,0.00290091,0.0359
11860,3.6918,3.947173,1770500485,0.00289625,0.0359
11870,3.994,3.929687,1770500523,0.0028916,0.0359
11880,3.9278,3.8934,1770500560,0.00288694,0.0359
11890,3.5472,3.649421,1770500597,0.00288228,0.0359
11900,3.9113,3.740556,1770500634,0.00287763,0.0359
11910,3.6659,3.850333,1770500672,0.00287297,0.0359
11920,3.8071,3.569728,1770500709,0.00286832,0.0359
11930,3.4923,3.924097,1770500746,0.00286367,0.0359
11940,3.6721,3.683211,1770500783,0.00285902,0.0359
11950,3.6231,3.620349,1770500820,0.00285437,0.0359
11960,3.6319,3.636615,1770500858,0.00284972,0.0359
11970,3.5662,3.836581,1770500895,0.00284508,0.0359
11980,3.8977,3.562635,1770500932,0.00284043,0.0359
11990,3.5201,3.555252,1770500969,0.00283579,0.0359
12000,3.7738,3.716961,1770501023,0.00283115,0.036
12010,3.6962,3.685231,1770501063,0.00282651,0.0329
12020,3.9051,3.931516,1770501101,0.00282187,0.0332
12030,3.835,3.665735,1770501138,0.00281723,0.0335
12040,3.622,3.701294,1770501175,0.0028126,0.0337
12050,3.7329,3.670842,1770501212,0.00280796,0.034
12060,3.5629,3.724756,1770501249,0.00280333,0.0342
12070,3.616,3.385692,1770501287,0.0027987,0.0343
12080,3.3277,3.788051,1770501324,0.00279407,0.0345
12090,3.7059,3.709415,1770501361,0.00278944,0.0347
12100,3.2976,3.692669,1770501398,0.00278482,0.0348
12110,3.8318,3.758912,1770501435,0.00278019,0.0349
12120,3.716,3.801178,1770501473,0.00277557,0.035
12130,3.5238,3.682804,1770501510,0.00277095,0.0351
12140,3.8729,3.458775,1770501547,0.00276633,0.0351
12150,3.7003,3.819657,1770501584,0.00276171,0.0352
12160,3.5975,3.900764,1770501622,0.00275709,0.0353
12170,4.1539,3.551382,1770501659,0.00275247,0.0353
12180,3.564,3.372863,1770501696,0.00274786,0.0354
12190,3.7711,3.71239,1770501733,0.00274325,0.0354
12200,3.8084,3.919987,1770501770,0.00273864,0.0355
12210,3.5871,3.559366,1770501808,0.00273403,0.0355
12220,3.4515,3.826759,1770501845,0.00272942,0.0356
12230,3.5983,3.456435,1770501882,0.00272482,0.0356
12240,3.6781,3.987962,1770501919,0.00272021,0.0357
12250,3.7826,3.691789,1770501956,0.00271561,0.0357
12260,3.2323,3.858868,1770501994,0.00271101,0.0357
12270,3.5644,3.714935,1770502031,0.00270642,0.0357
12280,3.35,3.824775,1770502068,0.00270182,0.0358
12290,3.5052,4.290975,1770502105,0.00269722,0.0358
12300,3.7558,3.753065,1770502143,0.00269263,0.0358
12310,3.7028,3.721239,1770502180,0.00268804,0.0358
12320,3.6606,3.534119,1770502217,0.00268345,0.0358
12330,3.8573,3.75246,1770502254,0.00267887,0.0359
12340,3.5603,3.909435,1770502291,0.00267428,0.0359
12350,3.5244,3.575655,1770502329,0.0026697,0.0359
12360,3.7517,3.454933,1770502366,0.00266512,0.0359
12370,3.7684,3.724753,1770502403,0.00266054,0.0359
12380,3.5608,3.794363,1770502440,0.00265596,0.0359
12390,4.0033,3.653753,1770502477,0.00265138,0.0359
12400,3.763,3.469282,1770502515,0.00264681,0.0359
12410,3.8926,3.480816,1770502552,0.00264224,0.0359
12420,3.7531,3.737666,1770502589,0.00263767,0.0359
12430,3.7329,3.979917,1770502626,0.0026331,0.0359
12440,3.7789,3.70715,1770502663,0.00262854,0.0359
12450,3.6715,3.88653,1770502701,0.00262397,0.0359
12460,3.6058,3.483036,1770502738,0.00261941,0.0359
12470,3.7802,3.659111,1770502775,0.00261485,0.0359
12480,3.7699,3.854517,1770502812,0.0026103,0.0359
12490,3.8517,3.74816,1770502849,0.00260574,0.0359
12500,3.8281,3.691877,1770502903,0.00260119,0.0359
12510,3.8741,3.608711,1770502943,0.00259664,0.0329
12520,3.6194,3.826733,1770502981,0.00259209,0.0332
12530,3.7444,3.760213,1770503018,0.00258754,0.0335
12540,3.5151,3.597283,1770503055,0.002583,0.0337
12550,3.9014,3.611571,1770503092,0.00257846,0.034
12560,3.7962,3.57974,1770503129,0.00257392,0.0342
12570,3.347,3.722171,1770503167,0.00256938,0.0343
12580,3.7337,3.922973,1770503204,0.00256484,0.0345
12590,3.5431,3.698615,1770503241,0.00256031,0.0347
12600,3.6483,3.719832,1770503278,0.00255578,0.0348
12610,3.6893,3.608469,1770503315,0.00255125,0.0349
12620,4.0335,3.637737,1770503353,0.00254672,0.035
12630,3.5943,3.405207,1770503390,0.0025422,0.0351
12640,3.7253,3.756621,1770503427,0.00253768,0.0352
12650,3.6127,3.675819,1770503464,0.00253316,0.0353
12660,3.5987,3.573926,1770503501,0.00252864,0.0353
12670,3.9582,3.784004,1770503539,0.00252413,0.0354
12680,3.7225,3.439106,1770503576,0.00251961,0.0355
12690,3.8962,3.80899,1770503613,0.0025151,0.0355
12700,3.7553,3.572769,1770503650,0.0025106,0.0355
12710,3.3372,3.91782,1770503687,0.00250609,0.0356
12720,3.4716,3.530757,1770503725,0.00250159,0.0356
12730,3.6465,3.928393,1770503762,0.00249709,0.0357
12740,3.9052,3.595063,1770503799,0.00249259,0.0357
12750,3.7918,3.578236,1770503836,0.00248809,0.0357
12760,3.8998,3.674051,1770503874,0.0024836,0.0357
12770,3.5993,3.611866,1770503911,0.00247911,0.0357
12780,3.713,3.662118,1770503948,0.00247462,0.0358
12790,3.585,3.855641,1770503985,0.00247014,0.0358
12800,3.4465,3.751966,1770504022,0.00246565,0.0358
12810,3.5774,3.767069,1770504060,0.00246117,0.0358
12820,3.8243,3.621241,1770504097,0.0024567,0.0358
12830,3.6068,3.562933,1770504134,0.00245222,0.0359
12840,4.2216,3.353833,1770504171,0.00244775,0.0359
12850,3.7222,3.473745,1770504208,0.00244328,0.0359
12860,3.7245,3.920976,1770504246,0.00243881,0.0359
12870,3.5198,3.865288,1770504283,0.00243434,0.0359
12880,3.5826,3.563545,1770504320,0.00242988,0.0359
12890,3.4967,3.493254,1770504357,0.00242542,0.0359
12900,3.7134,3.650164,1770504394,0.00242097,0.0359
12910,3.7749,3.583482,1770504432,0.00241651,0.0359
12920,3.7874,3.984913,1770504469,0.00241206,0.0359
12930,3.6822,3.590489,1770504506,0.00240761,0.0359
12940,3.4652,4.196751,1770504544,0.00240316,0.0356
12950,3.8845,4.067132,1770504582,0.00239872,0.0356
12960,3.7398,3.603041,1770504619,0.00239428,0.0357
12970,3.6206,3.973286,1770504656,0.00238984,0.0357
12980,3.7993,3.461159,1770504693,0.00238541,0.0357
12990,3.383,3.64957,1770504730,0.00238098,0.0357
13000,3.6656,3.686721,1770504784,0.00237655,0.0358
13010,3.7727,3.72309,1770504825,0.00237212,0.0328
13020,3.6034,3.450444,1770504862,0.00236769,0.0331
13030,3.9647,3.673008,1770504899,0.00236327,0.0334
13040,3.6055,3.418939,1770504936,0.00235886,0.0336
13050,3.7178,3.507075,1770504973,0.00235444,0.0339
13060,3.7353,3.615525,1770505011,0.00235003,0.0341
13070,3.6953,3.760169,1770505048,0.00234562,0.0343
13080,3.7244,3.712148,1770505085,0.00234121,0.0344
13090,3.5246,3.708044,1770505122,0.00233681,0.0346
13100,3.5397,3.3671,1770505159,0.00233241,0.0347
13110,3.6043,4.092353,1770505197,0.00232801,0.0348
13120,3.407,4.00214,1770505234,0.00232361,0.0349
13130,3.5027,3.636307,1770505271,0.00231922,0.035
13140,3.675,3.729203,1770505308,0.00231483,0.0351
13150,3.3622,3.761056,1770505346,0.00231045,0.0352
13160,3.5809,3.526539,1770505383,0.00230606,0.0353
13170,3.4323,3.675426,1770505420,0.00230168,0.0353
13180,3.7219,3.407721,1770505457,0.00229731,0.0354
13190,3.8447,3.669213,1770505494,0.00229293,0.0354
13200,3.6126,3.400848,1770505532,0.00228856,0.0355
13210,3.6171,3.694328,1770505569,0.00228419,0.0355
13220,3.8556,3.58089,1770505606,0.00227983,0.0356
13230,3.446,3.777617,1770505643,0.00227547,0.0356
13240,3.5958,3.67661,1770505680,0.00227111,0.0357
13250,3.6226,3.462655,1770505718,0.00226675,0.0357
13260,3.813,3.476872,1770505755,0.0022624,0.0357
13270,3.6201,3.644167,1770505792,0.00225805,0.0357
13280,3.5436,4.011002,1770505829,0.00225371,0.0358
13290,3.4263,3.640879,1770505866,0.00224937,0.0358
13300,3.8676,3.7401,1770505904,0.00224503,0.0358
13310,3.7514,3.502189,1770505941,0.00224069,0.0358
13320,3.7548,3.662804,1770505978,0.00223636,0.0358
13330,3.7715,3.901594,1770506015,0.00223203,0.0359
13340,3.6718,3.848099,1770506052,0.0022277,0.0359
13350,3.217,3.730674,1770506090,0.00222338,0.0359
13360,3.6437,3.652354,1770506127,0.00221906,0.0359
13370,3.697,3.49627,1770506164,0.00221474,0.0359
13380,3.3103,3.837002,1770506201,0.00221043,0.0359
13390,3.3753,3.510918,1770506238,0.00220612,0.0359
13400,3.7693,3.475997,1770506276,0.00220181,0.0359
13410,3.3969,3.565628,1770506313,0.00219751,0.0359
13420,3.6817,3.576688,1770506350,0.00219321,0.0359
13430,3.7988,3.300363,1770506387,0.00218891,0.0359
13440,3.6506,3.469436,1770506425,0.00218462,0.0359
13450,3.4769,3.640909,1770506462,0.00218033,0.0359
13460,3.7446,3.585079,1770506499,0.00217604,0.0359
13470,3.7976,3.895952,1770506536,0.00217176,0.0359
13480,3.6957,3.486945,1770506573,0.00216748,0.0359
13490,3.5395,3.649839,1770506610,0.0021632,0.0359
13500,3.7325,3.6879,1770506664,0.00215893,0.0359
13510,3.7559,3.714103,1770506704,0.00215466,0.0329
13520,3.8719,3.712151,1770506741,0.0021504,0.0332
13530,3.5531,3.826909,1770506779,0.00214613,0.0335
13540,3.3428,3.59818,1770506816,0.00214188,0.0337
13550,3.5987,3.923859,1770506853,0.00213762,0.034
13560,3.7766,3.73595,1770506890,0.00213337,0.0341
13570,3.3361,3.622294,1770506927,0.00212912,0.0343
13580,3.6551,3.522371,1770506965,0.00212488,0.0345
13590,3.4614,3.836213,1770507002,0.00212064,0.0346
13600,3.508,3.724097,1770507039,0.0021164,0.0348
13610,3.6599,3.480264,1770507076,0.00211216,0.0349
13620,3.2087,3.481163,1770507113,0.00210793,0.035
13630,3.5556,3.6422,1770507151,0.00210371,0.0351
13640,3.6048,3.529738,1770507188,0.00209949,0.0352
13650,3.7374,3.701856,1770507225,0.00209527,0.0353
13660,3.6125,3.636414,1770507262,0.00209105,0.0353
13670,3.382,3.886456,1770507299,0.00208684,0.0354
13680,3.7898,3.730976,1770507337,0.00208263,0.0354
13690,3.5922,3.530686,1770507374,0.00207843,0.0355
13700,3.5295,3.734452,1770507411,0.00207423,0.0355
13710,3.925,3.455046,1770507448,0.00207003,0.0356
13720,3.7185,3.552201,1770507486,0.00206584,0.0356
13730,3.7082,3.550005,1770507523,0.00206165,0.0357
13740,3.5725,3.942364,1770507560,0.00205746,0.0357
13750,3.4989,3.465964,1770507597,0.00205328,0.0357
13760,3.8038,3.805115,1770507634,0.0020491,0.0357
13770,3.1018,3.658278,1770507672,0.00204493,0.0358
13780,3.5164,3.736085,1770507709,0.00204076,0.0358
13790,3.4907,3.802652,1770507746,0.00203659,0.0358
13800,3.424,3.50846,1770507783,0.00203243,0.0358
13810,3.524,3.510841,1770507820,0.00202827,0.0358
13820,3.5695,3.841721,1770507858,0.00202411,0.0358
13830,3.979,3.858678,1770507895,0.00201996,0.0358
13840,3.5815,3.773789,1770507932,0.00201581,0.0358
13850,3.8105,3.487811,1770507969,0.00201167,0.0359
13860,3.5187,3.596519,1770508006,0.00200753,0.0359
13870,3.8781,3.784721,1770508044,0.0020034,0.0359
13880,3.6562,3.784957,1770508081,0.00199927,0.0359
13890,3.8967,3.768491,1770508118,0.00199514,0.0359
13900,3.8131,3.731646,1770508155,0.00199101,0.0359
13910,3.4953,4.032292,1770508192,0.00198689,0.0359
13920,3.4604,3.56861,1770508230,0.00198278,0.0359
13930,3.5689,3.750109,1770508267,0.00197867,0.0359
13940,3.5351,3.931668,1770508304,0.00197456,0.0359
13950,3.6385,3.540124,1770508341,0.00197046,0.0359
13960,3.6297,3.879886,1770508379,0.00196636,0.0359
13970,3.217,3.423619,1770508416,0.00196226,0.0359
13980,3.3918,3.716046,1770508453,0.00195817,0.0359
13990,3.7098,3.360093,1770508490,0.00195408,0.036
14000,3.3935,3.639634,1770508544,0.00195,0.036
14010,3.7162,3.571735,1770508584,0.00194592,0.0329
14020,3.3597,3.474266,1770508621,0.00194185,0.0332
14030,3.4748,3.537434,1770508658,0.00193778,0.0335
14040,3.4605,3.747225,1770508696,0.00193371,0.0338
14050,3.8655,3.367162,1770508733,0.00192965,0.034
14060,3.393,3.870431,1770508770,0.00192559,0.0342
14070,3.742,3.654266,1770508807,0.00192153,0.0343
14080,3.5532,3.859731,1770508844,0.00191748,0.0345
14090,3.4298,3.479126,1770508882,0.00191344,0.0347
14100,3.5134,3.817992,1770508919,0.0019094,0.0348
14110,3.5909,3.567998,1770508956,0.00190536,0.0349
14120,3.3024,3.537307,1770508993,0.00190133,0.035
14130,3.5633,3.556019,1770509031,0.0018973,0.0351
14140,3.5265,3.518988,1770509068,0.00189327,0.0352
14150,3.5646,3.469448,1770509105,0.00188925,0.0353
14160,3.523,3.466159,1770509142,0.00188524,0.0354
14170,3.6332,3.680351,1770509179,0.00188123,0.0354
14180,3.5377,3.703197,1770509217,0.00187722,0.0355
14190,3.385,3.747461,1770509254,0.00187322,0.0355
14200,3.7303,3.679376,1770509291,0.00186922,0.0356
14210,3.3236,3.397901,1770509328,0.00186522,0.0356
14220,3.8466,3.717044,1770509365,0.00186123,0.0356
14230,3.3508,3.533448,1770509403,0.00185725,0.0357
14240,3.4797,3.835879,1770509440,0.00185327,0.0357
14250,3.6371,3.53083,1770509477,0.00184929,0.0357
14260,3.4224,3.472206,1770509514,0.00184532,0.0357
14270,3.4293,3.8859,1770509551,0.00184135,0.0358
14280,3.4808,3.589113,1770509589,0.00183739,0.0358
14290,3.679,3.800288,1770509626,0.00183343,0.0358
14300,3.61,3.681,1770509663,0.00182947,0.0358
14310,3.2195,3.480917,1770509700,0.00182552,0.0358
14320,3.5649,3.696259,1770509737,0.00182158,0.0358
14330,3.4684,3.575068,1770509775,0.00181764,0.0359
14340,3.5773,3.540823,1770509812,0.0018137,0.0359
14350,3.7202,3.525625,1770509849,0.00180977,0.0359
14360,3.8003,3.552102,1770509886,0.00180584,0.0359
14370,3.5048,3.408623,1770509923,0.00180192,0.0359
14380,3.6155,3.455712,1770509961,0.001798,0.0359
14390,3.73,3.441914,1770509998,0.00179409,0.0359
14400,3.663,3.615687,1770510035,0.00179018,0.0359
14410,3.3662,3.863453,1770510072,0.00178627,0.0359
14420,3.7574,3.531344,1770510109,0.00178237,0.0359
14430,3.7707,3.507227,1770510147,0.00177848,0.0359
14440,3.1549,3.667249,1770510184,0.00177459,0.0359
14450,3.6523,3.86028,1770510221,0.0017707,0.0359
14460,3.5607,3.59862,1770510259,0.00176682,0.0359
14470,3.5296,3.48197,1770510296,0.00176295,0.0359
14480,3.6223,3.785311,1770510333,0.00175907,0.0359
14490,3.4281,3.554672,1770510371,0.00175521,0.0359
14500,3.418,3.634327,1770510424,0.00175134,0.0359
14510,3.4198,3.513371,1770510464,0.00174749,0.0329
14520,3.5277,3.962369,1770510502,0.00174363,0.0332
14530,3.7629,3.566731,1770510539,0.00173978,0.0334
14540,3.5023,3.800738,1770510576,0.00173594,0.0337
14550,3.3327,3.657484,1770510614,0.0017321,0.0339
14560,3.5668,3.457986,1770510651,0.00172827,0.0341
14570,3.6696,3.477985,1770510688,0.00172444,0.0343
14580,3.816,3.587744,1770510726,0.00172061,0.0344
14590,3.5537,3.840131,1770510763,0.00171679,0.0346
14600,3.8308,3.032616,1770510800,0.00171298,0.0347
14610,3.6159,3.408738,1770510837,0.00170917,0.0348
14620,3.3578,3.430814,1770510875,0.00170536,0.0349
14630,3.4442,3.280711,1770510912,0.00170156,0.035
14640,3.6798,3.812009,1770510949,0.00169777,0.0351
14650,3.6042,3.642879,1770510987,0.00169398,0.0352
14660,3.443,3.521352,1770511024,0.00169019,0.0353
14670,3.5454,3.526652,1770511061,0.00168641,0.0353
14680,3.9826,3.301163,1770511098,0.00168264,0.0354
14690,3.4416,3.692836,1770511136,0.00167887,0.0354
14700,2.85,3.341103,1770511173,0.0016751,0.0355
14710,3.4377,3.581801,1770511210,0.00167134,0.0355
14720,3.3196,3.803682,1770511248,0.00166758,0.0356
14730,3.5395,3.645224,1770511285,0.00166383,0.0356
14740,3.5484,3.507468,1770511322,0.00166009,0.0356
14750,3.6613,3.700788,1770511359,0.00165634,0.0356
14760,3.6385,3.502646,1770511397,0.00165261,0.0357
14770,3.735,3.906911,1770511434,0.00164888,0.0357
14780,3.805,3.278826,1770511471,0.00164515,0.0357
14790,3.7044,3.849118,1770511509,0.00164143,0.0357
14800,3.254,3.508838,1770511546,0.00163771,0.0358
14810,3.4456,3.283385,1770511583,0.001634,0.0358
14820,3.512,3.295319,1770511621,0.0016303,0.0358
14830,3.3971,3.525419,1770511658,0.0016266,0.0358
14840,3.4797,3.511268,1770511695,0.0016229,0.0358
14850,3.4986,3.263518,1770511732,0.00161921,0.0358
14860,3.4935,3.68598,1770511770,0.00161553,0.0358
14870,3.5352,3.383577,1770511808,0.00161184,0.0358
14880,3.5933,3.622979,1770511845,0.00160817,0.0358
14890,3.8612,3.357419,1770511882,0.0016045,0.0358
14900,3.5386,3.726322,1770511919,0.00160083,0.0358
14910,3.6721,3.426316,1770511957,0.00159718,0.0358
14920,3.3807,3.679171,1770511994,0.00159352,0.0358
14930,3.8443,3.840654,1770512031,0.00158987,0.0358
14940,3.3357,3.636191,1770512069,0.00158623,0.0358
14950,3.5404,3.743759,1770512106,0.00158259,0.0358
14960,3.5347,3.658695,1770512143,0.00157896,0.0358
14970,3.6002,3.123225,1770512180,0.00157533,0.0358
14980,3.2743,3.749027,1770512218,0.0015717,0.0358
14990,3.5796,3.525767,1770512255,0.00156809,0.0358
15000,3.4905,3.606131,1770512309,0.00156447,0.0358
15010,3.5252,3.873145,1770512349,0.00156087,0.0328
15020,3.7545,3.561357,1770512386,0.00155726,0.0332
15030,3.6251,3.500512,1770512423,0.00155367,0.0334
15040,3.4729,3.843536,1770512461,0.00155008,0.0337
15050,3.4434,3.67876,1770512498,0.00154649,0.0339
15060,3.4843,3.450561,1770512535,0.00154291,0.0341
15070,3.3233,3.700516,1770512573,0.00153933,0.0343
15080,3.716,3.608881,1770512610,0.00153576,0.0344
15090,3.4602,3.63816,1770512647,0.0015322,0.0346
15100,3.5279,3.413891,1770512685,0.00152864,0.0347
15110,3.7938,3.686569,1770512722,0.00152509,0.0348
15120,3.4433,3.53915,1770512759,0.00152154,0.0349
15130,3.4966,3.767948,1770512796,0.001518,0.035
15140,3.1528,3.603497,1770512834,0.00151446,0.0351
15150,3.6423,3.696653,1770512871,0.00151093,0.0352
15160,3.5603,3.710744,1770512908,0.0015074,0.0353
15170,3.3057,3.557948,1770512946,0.00150388,0.0353
15180,3.4947,3.818042,1770512983,0.00150036,0.0354
15190,3.6361,3.594683,1770513020,0.00149685,0.0354
15200,3.5739,3.677548,1770513057,0.00149335,0.0355
15210,3.6973,3.619728,1770513095,0.00148985,0.0355
15220,3.6966,3.636984,1770513132,0.00148635,0.0355
15230,3.6004,3.64121,1770513169,0.00148287,0.0356
15240,3.4443,3.644325,1770513207,0.00147938,0.0356
15250,3.5729,3.454674,1770513244,0.00147591,0.0356
15260,3.4683,3.703837,1770513281,0.00147243,0.0357
15270,3.8483,3.319553,1770513319,0.00146897,0.0357
15280,3.5476,3.99621,1770513356,0.00146551,0.0357
15290,3.494,3.507742,1770513393,0.00146205,0.0357
15300,3.5862,3.366929,1770513430,0.0014586,0.0357
15310,3.4638,3.377772,1770513468,0.00145516,0.0357
15320,3.8619,3.867286,1770513505,0.00145172,0.0358
15330,3.6634,3.634731,1770513542,0.00144829,0.0358
15340,3.4894,4.150683,1770513580,0.00144486,0.0358
15350,3.4144,3.520182,1770513617,0.00144144,0.0358
15360,3.3898,3.636908,1770513654,0.00143803,0.0358
15370,3.6234,3.95888,1770513691,0.00143462,0.0358
15380,3.8024,3.714175,1770513729,0.00143121,0.0358
15390,3.739,3.755365,1770513766,0.00142782,0.0358
15400,3.4714,3.909594,1770513803,0.00142442,0.0358
15410,3.3996,3.771945,1770513841,0.00142104,0.0358
15420,3.4566,3.607748,1770513878,0.00141765,0.0358
15430,3.656,3.514733,1770513915,0.00141428,0.0358
15440,3.6176,3.658386,1770513952,0.00141091,0.0358
15450,3.7389,3.737566,1770513990,0.00140754,0.0358
15460,3.5252,3.45553,1770514027,0.00140419,0.0358
15470,3.495,3.604133,1770514064,0.00140083,0.0358
15480,3.5752,3.880107,1770514102,0.00139749,0.0358
15490,3.3031,3.35897,1770514139,0.00139415,0.0358
15500,3.5509,3.546751,1770514193,0.00139081,0.0358
15510,3.5326,3.692725,1770514233,0.00138748,0.0328
15520,3.7614,3.472374,1770514270,0.00138416,0.0331
15530,3.9464,3.686953,1770514308,0.00138084,0.0334
15540,3.6981,4.054357,1770514345,0.00137753,0.0337
15550,3.5747,3.458647,1770514382,0.00137422,0.0339
15560,3.7331,3.453688,1770514420,0.00137092,0.0341
15570,3.4137,3.40098,1770514457,0.00136763,0.0343
15580,3.7677,3.674126,1770514494,0.00136434,0.0344
15590,3.6691,3.650706,1770514532,0.00136106,0.0346
15600,3.4214,3.449565,1770514569,0.00135778,0.0347
15610,3.794,3.771401,1770514606,0.00135451,0.0348
15620,3.4803,3.570858,1770514643,0.00135125,0.0349
15630,3.503,3.482183,1770514681,0.00134799,0.035
15640,3.5402,3.458069,1770514718,0.00134474,0.0351
15650,3.4851,3.355666,1770514755,0.00134149,0.0352
15660,3.4289,3.755301,1770514793,0.00133825,0.0352
15670,3.4965,3.374234,1770514830,0.00133501,0.0353
15680,3.5697,3.830339,1770514867,0.00133178,0.0354
15690,3.2846,3.468942,1770514904,0.00132856,0.0354
15700,3.0431,3.288311,1770514942,0.00132535,0.0355
15710,3.4451,3.496071,1770514979,0.00132213,0.0355
15720,3.5624,3.468438,1770515016,0.00131893,0.0355
15730,3.5601,3.446068,1770515054,0.00131573,0.0356
15740,3.3917,3.489815,1770515091,0.00131254,0.0356
15750,3.2982,3.781266,1770515128,0.00130935,0.0356
15760,3.6639,3.617534,1770515165,0.00130617,0.0357
15770,3.6284,3.423689,1770515203,0.001303,0.0357
15780,3.5751,3.380282,1770515240,0.00129983,0.0357
15790,3.5335,3.41469,1770515277,0.00129667,0.0357
15800,3.4352,3.646232,1770515315,0.00129351,0.0357
15810,3.5233,3.602367,1770515352,0.00129036,0.0358
15820,3.7314,3.240239,1770515389,0.00128721,0.0358
15830,3.628,3.704492,1770515427,0.00128408,0.0358
15840,3.4778,3.531065,1770515464,0.00128095,0.0358
15850,3.5616,3.585114,1770515501,0.00127782,0.0358
15860,3.6839,3.686328,1770515538,0.0012747,0.0358
15870,3.6258,3.631436,1770515576,0.00127159,0.0358
15880,3.5976,3.508927,1770515613,0.00126848,0.0358
15890,3.5118,3.22848,1770515650,0.00126538,0.0358
15900,3.5151,3.754067,1770515688,0.00126228,0.0358
15910,3.4745,3.405055,1770515725,0.0012592,0.0359
15920,3.6873,3.379989,1770515762,0.00125611,0.0359
15930,3.6244,3.606111,1770515799,0.00125304,0.0359
15940,3.5314,3.274034,1770515837,0.00124997,0.0359
15950,3.8897,3.384084,1770515874,0.0012469,0.0359
15960,3.4707,3.529638,1770515911,0.00124385,0.0358
15970,3.5973,3.616511,1770515949,0.0012408,0.0358
15980,3.3928,3.532276,1770515986,0.00123775,0.0359
15990,3.3424,3.350859,1770516023,0.00123471,0.0359
16000,3.6305,3.555522,1770516077,0.00123168,0.0359
16010,3.5317,3.627539,1770516117,0.00122865,0.0329
16020,3.3943,3.56075,1770516155,0.00122563,0.0332
16030,3.186,3.405925,1770516192,0.00122262,0.0334
16040,3.3561,3.555517,1770516229,0.00121961,0.0337
16050,3.2984,3.685665,1770516266,0.00121661,0.0339
16060,3.4278,3.885431,1770516304,0.00121362,0.0341
16070,3.6881,3.506709,1770516341,0.00121063,0.0343
16080,3.6951,3.517487,1770516378,0.00120765,0.0344
16090,3.7196,3.710587,1770516416,0.00120467,0.0346
16100,3.3861,3.39871,1770516453,0.00120171,0.0347
16110,3.6421,3.69358,1770516490,0.00119874,0.0348
16120,3.5988,3.414613,1770516527,0.00119579,0.0349
16130,3.4633,3.815416,1770516565,0.00119284,0.035
16140,3.7374,3.499412,1770516602,0.00118989,0.0351
16150,3.3343,3.629828,1770516639,0.00118696,0.0352
16160,3.3475,3.797064,1770516677,0.00118403,0.0353
16170,3.4795,3.560475,1770516714,0.0011811,0.0353
16180,3.6478,3.666426,1770516751,0.00117819,0.0354
16190,3.6198,3.583734,1770516788,0.00117528,0.0354
16200,3.5273,3.290363,1770516826,0.00117237,0.0355
16210,3.4215,3.61791,1770516863,0.00116947,0.0355
16220,3.6112,3.675037,1770516900,0.00116658,0.0356
16230,3.4347,3.504089,1770516938,0.0011637,0.0356
16240,3.4159,3.489422,1770516975,0.00116082,0.0356
16250,3.45,3.590519,1770517012,0.00115795,0.0356
16260,3.3625,3.733271,1770517050,0.00115508,0.0356
16270,3.4289,3.652649,1770517087,0.00115222,0.0357
16280,3.4794,3.933347,1770517124,0.00114937,0.0357
16290,3.2925,3.52754,1770517161,0.00114652,0.0357
16300,3.2829,3.476308,1770517199,0.00114368,0.0357
16310,3.7577,3.525545,1770517236,0.00114085,0.0357
16320,3.5749,3.634771,1770517273,0.00113803,0.0357
16330,3.6233,3.438112,1770517311,0.00113521,0.0357
16340,3.6032,3.340662,1770517348,0.00113239,0.0358
16350,3.4353,3.482671,1770517385,0.00112959,0.0358
16360,3.4358,3.689752,1770517422,0.00112679,0.0358
16370,3.3043,3.525028,1770517460,0.00112399,0.0358
16380,3.5176,3.510338,1770517497,0.00112121,0.0358
16390,3.9551,3.566602,1770517534,0.00111843,0.0358
16400,3.5166,3.382241,1770517572,0.00111565,0.0358
16410,3.424,3.5503,1770517609,0.00111289,0.0358
16420,3.3178,3.46403,1770517646,0.00111013,0.0358
16430,3.4322,3.45069,1770517684,0.00110737,0.0358
16440,3.5605,3.956715,1770517721,0.00110463,0.0358
16450,3.2682,3.4988,1770517758,0.00110189,0.0358
16460,3.6673,3.56392,1770517795,0.00109915,0.0358
16470,3.5138,3.420992,1770517833,0.00109643,0.0358
16480,3.3467,3.625914,1770517870,0.00109371,0.0358
16490,3.5954,3.636859,1770517907,0.001091,0.0358
16500,3.4733,3.541313,1770517961,0.00108829,0.0358
16510,3.4347,3.557339,1770518001,0.00108559,0.0328
16520,3.5981,3.390843,1770518039,0.0010829,0.0331
16530,3.6233,3.364062,1770518076,0.00108021,0.0334
16540,3.4925,3.527032,1770518113,0.00107753,0.0336
16550,3.6684,3.782658,1770518151,0.00107486,0.0339
16560,3.3619,3.424859,1770518188,0.00107219,0.0341
16570,3.556,3.462965,1770518225,0.00106953,0.0342
16580,3.4091,3.370382,1770518263,0.00106688,0.0344
16590,3.2761,3.333591,1770518300,0.00106424,0.0345
16600,3.3609,3.592665,1770518337,0.0010616,0.0347
16610,3.4611,3.419653,1770518374,0.00105897,0.0348
16620,3.587,3.336622,1770518412,0.00105634,0.0349
16630,3.3735,3.554802,1770518449,0.00105372,0.035
16640,3.6546,3.695722,1770518486,0.00105111,0.0351
16650,3.514,3.541758,1770518524,0.00104851,0.0352
16660,3.4101,3.760117,1770518561,0.00104591,0.0352
16670,3.4664,3.50489,1770518598,0.00104332,0.0353
16680,3.7113,3.721943,1770518635,0.00104074,0.0354
16690,3.8482,3.365111,1770518673,0.00103816,0.0354
16700,3.282,3.457031,1770518710,0.00103559,0.0355
16710,3.7262,3.715856,1770518747,0.00103303,0.0355
16720,3.5518,3.894497,1770518785,0.00103047,0.0355
16730,3.5347,3.546677,1770518822,0.00102792,0.0356
16740,3.2872,3.5188,1770518859,0.00102538,0.0356
16750,3.6681,3.486372,1770518896,0.00102284,0.0356
16760,3.239,3.5865,1770518934,0.00102031,0.0356
16770,3.7027,3.665211,1770518971,0.00101779,0.0357
16780,3.4192,3.318587,1770519009,0.00101528,0.0357
16790,3.3284,3.54839,1770519046,0.00101277,0.0357
16800,3.3214,3.56051,1770519084,0.00101027,0.0357
16810,3.5545,3.415733,1770519121,0.00100778,0.0357
16820,3.2641,3.549876,1770519158,0.00100529,0.0357
16830,3.648,3.511721,1770519195,0.00100281,0.0358
16840,3.4063,3.352024,1770519233,0.00100034,0.0357
16850,3.3967,3.391299,1770519270,0.00099787,0.0357
16860,3.4272,3.458888,1770519307,0.00099541,0.0357
16870,3.2443,3.628884,1770519345,0.00099296,0.0358
16880,3.356,3.545924,1770519383,0.00099052,0.0354
16890,3.6388,3.73204,1770519420,0.00098808,0.0355
16900,3.6177,3.537961,1770519458,0.00098565,0.0355
16910,3.5317,3.369136,1770519495,0.00098322,0.0356
16920,3.5537,3.429525,1770519532,0.00098081,0.0356
16930,3.3359,3.478623,1770519569,0.0009784,0.0357
16940,3.5308,3.527264,1770519606,0.000976,0.0357
16950,3.8112,3.461107,1770519644,0.0009736,0.0357
16960,3.6848,3.580338,1770519681,0.00097121,0.0357
16970,3.6104,3.589831,1770519718,0.00096883,0.0357
16980,3.5865,3.468363,1770519755,0.00096646,0.0358
16990,3.4118,3.245779,1770519792,0.00096409,0.0358
17000,3.5111,3.499218,1770519846,0.00096173,0.0358
17010,3.4266,3.431894,1770519886,0.00095938,0.0328
17020,3.4465,3.385633,1770519924,0.00095703,0.0331
17030,3.1837,3.605568,1770519961,0.00095469,0.0334
17040,3.679,3.547631,1770519998,0.00095236,0.0336
17050,3.0449,3.954858,1770520036,0.00095004,0.0339
17060,3.3702,3.749463,1770520073,0.00094772,0.0341
17070,3.6427,3.808423,1770520110,0.00094541,0.0342
17080,3.1348,3.253138,1770520148,0.00094311,0.0344
17090,3.716,3.49767,1770520185,0.00094081,0.0346
17100,3.4098,3.573292,1770520222,0.00093853,0.0347
17110,3.183,3.483578,1770520259,0.00093625,0.0348
17120,3.5822,3.664292,1770520297,0.00093397,0.0349
17130,3.4726,3.357924,1770520334,0.00093171,0.035
17140,3.3559,3.583079,1770520371,0.00092945,0.0351
17150,3.2728,3.462993,1770520409,0.00092719,0.0352
17160,3.4337,3.516671,1770520446,0.00092495,0.0352
17170,3.4145,3.508593,1770520483,0.00092271,0.0353
17180,3.5928,3.691603,1770520520,0.00092048,0.0354
17190,3.2746,3.48853,1770520558,0.00091826,0.0354
17200,3.2606,3.55923,1770520595,0.00091604,0.0355
17210,3.5751,3.521212,1770520632,0.00091383,0.0355
17220,3.4656,3.521631,1770520670,0.00091163,0.0355
17230,3.3268,3.674523,1770520707,0.00090944,0.0356
17240,3.3014,3.562689,1770520744,0.00090725,0.0356
17250,3.1778,3.566272,1770520782,0.00090507,0.0356
17260,3.7212,3.635329,1770520819,0.0009029,0.0356
17270,3.6775,3.260314,1770520856,0.00090073,0.0357
17280,3.7449,3.616306,1770520893,0.00089858,0.0357
17290,3.2989,3.486638,1770520931,0.00089643,0.0357
17300,3.414,3.234465,1770520968,0.00089428,0.0357
17310,3.1674,3.446239,1770521005,0.00089215,0.0357
17320,3.0017,3.251476,1770521043,0.00089002,0.0357
17330,3.6066,3.538276,1770521080,0.0008879,0.0357
17340,3.2744,3.317593,1770521117,0.00088578,0.0358
17350,3.3419,3.70115,1770521154,0.00088368,0.0358
17360,3.3487,3.493546,1770521192,0.00088158,0.0358
17370,3.5276,3.535663,1770521229,0.00087949,0.0358
17380,3.5424,3.44379,1770521266,0.0008774,0.0358
17390,3.3107,3.661949,1770521304,0.00087533,0.0358
17400,3.2644,3.344145,1770521341,0.00087326,0.0358
17410,3.5043,3.464894,1770521378,0.00087119,0.0358
17420,3.3892,3.653156,1770521416,0.00086914,0.0358
17430,3.4499,3.651923,1770521453,0.00086709,0.0358
17440,3.3831,3.695388,1770521490,0.00086505,0.0358
17450,3.5708,3.326184,1770521527,0.00086302,0.0358
17460,3.4994,3.213866,1770521565,0.00086099,0.0358
17470,3.4834,3.780486,1770521602,0.00085898,0.0358
17480,3.5998,3.191731,1770521639,0.00085697,0.0358
17490,3.8502,3.54578,1770521677,0.00085496,0.0358
17500,3.4579,3.493807,1770521730,0.00085297,0.0358
17510,3.4306,3.677457,1770521770,0.00085098,0.0328
17520,3.6587,3.453347,1770521808,0.000849,0.0331
17530,3.4568,3.250437,1770521845,0.00084703,0.0334
17540,3.4484,3.415379,1770521882,0.00084506,0.0337
17550,3.4504,3.712166,1770521920,0.0008431,0.0339
17560,3.4405,3.681217,1770521957,0.00084115,0.0341
17570,3.6933,3.365679,1770521994,0.00083921,0.0342
17580,3.342,3.594129,1770522032,0.00083728,0.0344
17590,3.4648,3.321469,1770522069,0.00083535,0.0345
17600,3.4583,3.540826,1770522106,0.00083343,0.0346
17610,3.0729,3.439185,1770522143,0.00083151,0.0348
17620,3.452,3.457989,1770522181,0.00082961,0.0349
17630,3.4732,3.542575,1770522218,0.00082771,0.035
17640,3.5715,3.267203,1770522255,0.00082582,0.0351
17650,3.3674,3.257956,1770522293,0.00082394,0.0352
17660,3.2643,3.208077,1770522330,0.00082206,0.0352
17670,3.3983,3.51274,1770522367,0.00082019,0.0353
17680,3.3282,3.476821,1770522404,0.00081833,0.0354
17690,3.6226,3.190682,1770522442,0.00081648,0.0354
17700,3.2746,3.452427,1770522479,0.00081464,0.0355
17710,3.6425,3.393189,1770522516,0.0008128,0.0355
17720,3.6785,3.51071,1770522554,0.00081097,0.0355
17730,3.3065,3.153265,1770522591,0.00080915,0.0356
17740,3.4625,3.625472,1770522628,0.00080733,0.0356
17750,3.3098,3.292606,1770522666,0.00080553,0.0356
17760,3.3004,3.681561,1770522703,0.00080373,0.0357
17770,3.4705,3.448103,1770522740,0.00080193,0.0357
17780,3.4412,3.489333,1770522777,0.00080015,0.0357
17790,3.3758,3.638973,1770522815,0.00079837,0.0357
17800,3.6531,3.930506,1770522852,0.0007966,0.0357
17810,3.4081,3.750885,1770522889,0.00079484,0.0357
17820,3.2449,3.402889,1770522927,0.00079309,0.0357
17830,3.1036,3.196579,1770522964,0.00079134,0.0358
17840,3.644,3.504577,1770523001,0.0007896,0.0358
17850,3.3795,3.45903,1770523038,0.00078787,0.0358
17860,3.7147,3.368644,1770523076,0.00078615,0.0358
17870,3.1506,3.252851,1770523113,0.00078443,0.0358
17880,3.4486,3.399823,1770523150,0.00078273,0.0358
17890,3.4985,3.837696,1770523188,0.00078103,0.0358
17900,3.4883,3.331715,1770523225,0.00077933,0.0358
17910,3.0825,3.579994,1770523262,0.00077765,0.0358
17920,3.3264,3.737365,1770523300,0.00077597,0.0358
17930,3.3557,3.735378,1770523337,0.0007743,0.0358
17940,3.2254,3.371234,1770523374,0.00077264,0.0358
17950,3.5724,3.448929,1770523411,0.00077099,0.0358
17960,3.7248,3.71251,1770523449,0.00076934,0.0359
17970,3.5135,3.398895,1770523486,0.0007677,0.0359
17980,3.3869,3.548818,1770523523,0.00076607,0.0359
17990,3.4373,3.556494,1770523561,0.00076445,0.0359
18000,3.102,3.535774,1770523614,0.00076283,0.0359
18010,3.4876,3.400997,1770523655,0.00076122,0.0329
18020,3.5198,3.602193,1770523692,0.00075962,0.0332
18030,3.3112,3.444472,1770523729,0.00075803,0.0334
18040,3.5263,3.514997,1770523767,0.00075644,0.0337
18050,3.3721,3.42376,1770523804,0.00075487,0.0339
18060,3.3289,3.600655,1770523841,0.0007533,0.0341
18070,3.4674,3.542267,1770523878,0.00075174,0.0343
18080,3.2415,3.394828,1770523916,0.00075018,0.0344
18090,3.4443,3.598015,1770523953,0.00074864,0.0345
18100,3.3482,3.545368,1770523990,0.0007471,0.0347
18110,3.4556,3.35318,1770524028,0.00074557,0.0348
18120,3.6839,3.559413,1770524065,0.00074405,0.0349
18130,3.3686,3.681133,1770524102,0.00074253,0.035
18140,3.5087,3.443639,1770524140,0.00074103,0.0351
18150,3.2802,3.387352,1770524177,0.00073953,0.0352
18160,3.6068,3.297174,1770524214,0.00073803,0.0352
18170,3.2819,3.50598,1770524251,0.00073655,0.0353
18180,3.4784,3.607023,1770524289,0.00073508,0.0353
18190,3.5566,3.749222,1770524326,0.00073361,0.0354
18200,3.4516,3.376267,1770524363,0.00073215,0.0354
18210,3.4635,3.27471,1770524401,0.0007307,0.0355
18220,3.6476,3.096922,1770524438,0.00072925,0.0355
18230,3.1359,3.487782,1770524475,0.00072781,0.0356
18240,3.3745,3.359615,1770524513,0.00072639,0.0356
18250,3.5689,3.5729,1770524550,0.00072496,0.0356
18260,3.5619,3.399445,1770524587,0.00072355,0.0357
18270,3.4713,3.726493,1770524624,0.00072215,0.0357
18280,3.2903,3.574499,1770524662,0.00072075,0.0357
18290,3.742,3.450755,1770524699,0.00071936,0.0357
18300,3.478,3.658664,1770524736,0.00071798,0.0357
18310,3.2684,3.844907,1770524774,0.0007166,0.0357
18320,3.583,3.652148,1770524811,0.00071524,0.0358
18330,3.6568,3.396805,1770524848,0.00071388,0.0358
18340,3.2703,3.599924,1770524886,0.00071253,0.0358
18350,3.4377,3.207144,1770524923,0.00071119,0.0358
18360,3.2339,3.336893,1770524960,0.00070985,0.0358
18370,3.4458,3.368494,1770524997,0.00070853,0.0358
18380,3.3256,3.643842,1770525035,0.00070721,0.0358
18390,3.6571,3.70874,1770525072,0.0007059,0.0358
18400,3.8072,3.618623,1770525109,0.00070459,0.0358
18410,3.4999,3.566587,1770525147,0.0007033,0.0358
18420,3.1908,3.528951,1770525184,0.00070201,0.0358
18430,3.4925,3.671025,1770525221,0.00070073,0.0358
18440,3.2362,3.626636,1770525258,0.00069946,0.0358
18450,3.3411,3.419496,1770525296,0.0006982,0.0358
18460,3.2806,3.61742,1770525333,0.00069694,0.0358
18470,3.2253,3.431141,1770525370,0.00069569,0.0358
18480,3.5404,3.600358,1770525408,0.00069446,0.0358
18490,3.5073,3.221885,1770525445,0.00069322,0.0358
18500,3.5807,3.484093,1770525499,0.000692,0.0358
18510,3.3698,3.583503,1770525539,0.00069078,0.0328
18520,3.3508,3.576555,1770525577,0.00068958,0.0331
18530,3.2332,3.39029,1770525614,0.00068838,0.0334
18540,3.2397,3.335654,1770525651,0.00068719,0.0336
18550,3.3154,3.477714,1770525688,0.000686,0.0339
18560,3.2253,3.498145,1770525726,0.00068483,0.0341
18570,3.548,3.479342,1770525763,0.00068366,0.0343
18580,3.328,3.580279,1770525800,0.0006825,0.0344
18590,3.2848,3.465038,1770525837,0.00068135,0.0346
18600,3.6123,3.582015,1770525874,0.0006802,0.0347
18610,3.4809,3.263788,1770525912,0.00067907,0.0349
18620,3.4603,3.390056,1770525949,0.00067794,0.035
18630,3.2527,3.566617,1770525986,0.00067682,0.0351
18640,3.4909,3.753782,1770526023,0.00067571,0.0352
18650,3.6845,3.579763,1770526060,0.0006746,0.0352
18660,3.3415,3.419056,1770526098,0.00067351,0.0353
18670,3.3895,3.421976,1770526135,0.00067242,0.0354
18680,3.612,3.331095,1770526172,0.00067134,0.0354
18690,3.4447,3.349164,1770526209,0.00067026,0.0355
18700,3.4104,3.539395,1770526246,0.0006692,0.0355
18710,3.649,3.707385,1770526284,0.00066814,0.0354
18720,3.7199,3.419574,1770526321,0.0006671,0.0354
18730,3.9157,3.410002,1770526358,0.00066606,0.0355
18740,3.5773,3.414569,1770526396,0.00066502,0.0355
18750,3.7537,3.396348,1770526433,0.000664,0.0356
18760,3.4072,3.520464,1770526470,0.00066298,0.0356
18770,3.8034,3.507672,1770526507,0.00066198,0.0356
18780,3.4389,3.534994,1770526544,0.00066098,0.0357
18790,3.6208,3.663942,1770526582,0.00065999,0.0357
18800,3.6247,3.370486,1770526619,0.000659,0.0357
18810,3.8509,3.979527,1770526656,0.00065803,0.0358
18820,3.454,3.340873,1770526693,0.00065706,0.0358
18830,3.2982,3.175103,1770526730,0.0006561,0.0358
18840,3.6435,3.409316,1770526768,0.00065515,0.0358
18850,3.3189,3.547668,1770526805,0.0006542,0.0358
18860,3.4333,3.532295,1770526842,0.00065327,0.0358
18870,3.3069,3.609966,1770526879,0.00065234,0.0358
18880,3.4146,3.426287,1770526916,0.00065142,0.0359
18890,3.4407,3.460656,1770526954,0.00065051,0.0359
18900,3.58,3.38638,1770526991,0.00064961,0.0359
18910,3.5228,3.311178,1770527028,0.00064871,0.0359
18920,3.5608,3.069262,1770527065,0.00064782,0.0359
18930,3.0992,3.643607,1770527103,0.00064695,0.0359
18940,3.1305,3.451576,1770527140,0.00064607,0.0359
18950,3.5061,3.663463,1770527177,0.00064521,0.0359
18960,3.493,3.554686,1770527214,0.00064436,0.0359
18970,3.4316,3.468401,1770527251,0.00064351,0.0359
18980,3.3085,3.287573,1770527289,0.00064267,0.0359
18990,3.464,3.617006,1770527326,0.00064184,0.0359
19000,3.5184,3.503031,1770527380,0.00064102,0.0359
19010,3.5223,3.703579,1770527420,0.0006402,0.0329
19020,3.4105,3.19344,1770527457,0.0006394,0.0332
19030,3.5949,3.56193,1770527494,0.0006386,0.0335
19040,3.5457,3.516272,1770527531,0.00063781,0.0337
19050,3.0687,3.573728,1770527569,0.00063703,0.034
19060,3.1971,3.920004,1770527606,0.00063626,0.0342
19070,3.5207,3.255162,1770527643,0.00063549,0.0344
19080,3.3436,3.167259,1770527680,0.00063473,0.0345
19090,3.5402,3.190575,1770527717,0.00063398,0.0347
19100,3.4468,3.366578,1770527755,0.00063324,0.0348
19110,3.6398,3.628809,1770527792,0.00063251,0.0349
19120,3.5073,3.57733,1770527829,0.00063178,0.035
19130,3.6977,3.434293,1770527866,0.00063107,0.0351
19140,3.3901,3.561327,1770527903,0.00063036,0.0352
19150,3.3522,3.52751,1770527941,0.00062966,0.0352
19160,3.5189,3.50378,1770527978,0.00062896,0.0353
19170,3.1719,3.367468,1770528015,0.00062828,0.0354
19180,3.3598,3.711445,1770528052,0.0006276,0.0354
19190,3.5919,3.724244,1770528089,0.00062694,0.0355
19200,3.3927,3.620015,1770528127,0.00062628,0.0355
19210,3.6127,3.400938,1770528164,0.00062562,0.0355
19220,3.1975,3.335751,1770528201,0.00062498,0.0356
19230,3.6205,3.878743,1770528238,0.00062435,0.0356
19240,3.251,3.4953,1770528276,0.00062372,0.0356
19250,3.4295,3.26335,1770528313,0.0006231,0.0357
19260,3.4559,3.673032,1770528350,0.00062249,0.0357
19270,3.5939,3.505678,1770528387,0.00062189,0.0357
19280,3.4289,3.427196,1770528424,0.00062129,0.0358
19290,3.2708,3.471045,1770528462,0.0006207,0.0358
19300,3.427,3.442242,1770528499,0.00062013,0.0358
19310,3.6837,3.649862,1770528536,0.00061956,0.0358
19320,3.5333,3.435417,1770528573,0.00061899,0.0358
19330,3.8324,3.69608,1770528610,0.00061844,0.0358
19340,3.4698,3.630305,1770528648,0.00061789,0.0358
19350,3.3216,3.215047,1770528685,0.00061736,0.0358
19360,3.5141,3.717056,1770528722,0.00061683,0.0359
19370,3.4769,3.524502,1770528759,0.00061631,0.0359
19380,3.4378,3.679341,1770528797,0.00061579,0.0359
19390,3.162,3.147685,1770528834,0.00061529,0.0359
19400,3.5037,3.265189,1770528871,0.00061479,0.0359
19410,3.3436,3.605141,1770528908,0.0006143,0.0359
19420,3.3372,3.35694,1770528945,0.00061382,0.0359
19430,3.3209,3.663445,1770528983,0.00061335,0.0359
19440,3.5611,3.369265,1770529020,0.00061289,0.0359
19450,3.4026,3.396912,1770529057,0.00061243,0.0359
19460,3.2854,3.10644,1770529094,0.00061198,0.0359
19470,3.1554,3.210847,1770529131,0.00061154,0.0359
19480,3.4355,3.381295,1770529169,0.00061111,0.036
19490,3.7003,3.619875,1770529206,0.00061069,0.036
19500,3.387,3.45925,1770529260,0.00061027,0.0359
19510,2.977,3.515696,1770529300,0.00060987,0.0329
19520,3.5961,3.347498,1770529337,0.00060947,0.0332
19530,3.5139,3.490136,1770529375,0.00060908,0.0335
19540,3.1649,3.289747,1770529412,0.0006087,0.0337
19550,3.2618,3.901967,1770529449,0.00060832,0.034
19560,3.3027,3.271265,1770529486,0.00060796,0.0342
19570,3.4484,3.448676,1770529523,0.0006076,0.0343
19580,3.4639,3.306268,1770529561,0.00060725,0.0345
19590,3.2924,3.298244,1770529598,0.00060691,0.0346
19600,3.0632,3.670757,1770529635,0.00060658,0.0348
19610,3.2775,3.401938,1770529672,0.00060625,0.0349
19620,3.4438,3.533522,1770529709,0.00060594,0.035
19630,3.5533,3.691207,1770529747,0.00060563,0.0351
19640,3.3178,3.438856,1770529784,0.00060533,0.0352
19650,3.6263,3.32103,1770529821,0.00060504,0.0352
19660,3.8303,3.608218,1770529858,0.00060475,0.0353
19670,3.577,3.438745,1770529895,0.00060448,0.0354
19680,3.2033,3.701924,1770529933,0.00060421,0.0354
19690,3.3519,3.362593,1770529970,0.00060395,0.0355
19700,3.293,3.328556,1770530007,0.0006037,0.0356
19710,3.0444,3.284786,1770530044,0.00060346,0.0356
19720,3.6912,3.358998,1770530081,0.00060322,0.0356
19730,3.2758,3.436574,1770530119,0.000603,0.0357
19740,3.4757,3.487873,1770530156,0.00060278,0.0357
19750,3.3999,3.248405,1770530193,0.00060257,0.0357
19760,3.4182,3.473468,1770530230,0.00060237,0.0358
19770,3.4171,3.427016,1770530268,0.00060218,0.0358
19780,3.5271,3.466745,1770530305,0.00060199,0.0358
19790,3.3067,3.405784,1770530342,0.00060181,0.0358
19800,3.4228,3.625168,1770530379,0.00060164,0.0358
19810,3.6032,3.728576,1770530416,0.00060148,0.0358
19820,3.3274,3.266033,1770530454,0.00060133,0.0358
19830,3.4107,3.524382,1770530491,0.00060119,0.0358
19840,3.5902,3.449531,1770530528,0.00060105,0.0359
19850,3.8205,3.544016,1770530565,0.00060093,0.0359
19860,3.5761,3.328574,1770530602,0.00060081,0.0359
19870,3.0617,3.389436,1770530640,0.00060069,0.0359
19880,3.515,3.315315,1770530677,0.00060059,0.0359
19890,3.6177,3.543283,1770530714,0.0006005,0.0359
19900,3.534,3.352505,1770530751,0.00060041,0.0359
19910,3.3824,3.357251,1770530788,0.00060033,0.0359
19920,3.7093,3.438104,1770530826,0.00060026,0.0359
19930,3.597,3.254322,1770530863,0.0006002,0.0359
19940,3.3913,3.562177,1770530900,0.00060015,0.0359
19950,3.0796,3.31646,1770530937,0.0006001,0.0359
19960,3.426,3.408986,1770530974,0.00060007,0.0359
19970,3.4318,3.34703,1770531012,0.00060004,0.0359
19980,3.6558,3.253909,1770531049,0.00060002,0.0359
19990,3.3639,3.311431,1770531086,0.0006,0.0359
20000,3.406394,3.443352,1770531140,0.0006,0.0359
20001,3.391771,3.461185,1770531163,0.0006,0.0329
